"mesAnoBusca";"idUnidade";"nomeUnidade";"idSecao";"nomeSecao";"qtde"
201801;1;"Juazeiro do Norte";1;"PEFOCE";5318
201801;1;"Juazeiro do Norte";2;"DETRAN-HABILITAÇÃO";6318
201801;1;"Juazeiro do Norte";3;"SEFAZ";86
201801;1;"Juazeiro do Norte";4;"JUCEC";770
201801;1;"Juazeiro do Norte";5;"CENTRAL FÁCIL - CRC";24
201801;1;"Juazeiro do Norte";8;"SINE - IDT";4499
201801;1;"Juazeiro do Norte";9;"E-VAPT VUPT";1470
201801;1;"Juazeiro do Norte";11;"SRF";516
201801;1;"Juazeiro do Norte";12;"ARCE";1
201801;1;"Juazeiro do Norte";13;"INSS";504
201801;1;"Juazeiro do Norte";15;"CAGECE";141
201801;1;"Juazeiro do Norte";18;"AUTO ESCOLA";625
201801;1;"Juazeiro do Norte";19;"CENTRAL FÁCIL - SESCAP";87
201801;1;"Juazeiro do Norte";20;"SPS";873
201801;1;"Juazeiro do Norte";30;"BRADESCO";6818
201801;1;"Juazeiro do Norte";38;"CAIXA";4093
201801;2;"Messejana";1;"PEFOCE";11148
201801;2;"Messejana";2;"DETRAN-HABILITAÇÃO";6281
201801;2;"Messejana";3;"SEFAZ";800
201801;2;"Messejana";4;"JUCEC";287
201801;2;"Messejana";8;"SINE - IDT";5302
201801;2;"Messejana";9;"E-VAPT VUPT";2895
201801;2;"Messejana";11;"SRF";1412
201801;2;"Messejana";12;"ARCE";24
201801;2;"Messejana";13;"INSS";480
201801;2;"Messejana";14;"DPGE";1073
201801;2;"Messejana";15;"CAGECE";1213
201801;2;"Messejana";20;"SPS";4708
201801;2;"Messejana";23;"TRE";16683
201801;2;"Messejana";24;"AMC";1451
201801;2;"Messejana";25;"SDHDS";2561
201801;2;"Messejana";27;"SEFIN";794
201801;2;"Messejana";28;"PROCON";632
201801;2;"Messejana";29;"ETUFOR";2995
201801;2;"Messejana";30;"BRADESCO";6269
201801;2;"Messejana";32;"SDE";972
201801;2;"Messejana";36;"SECRETARIA DA SAUDE";816
201801;8;"Sobral";1;"PEFOCE";6296
201801;8;"Sobral";2;"DETRAN-HABILITAÇÃO";2972
201801;8;"Sobral";4;"JUCEC";317
201801;8;"Sobral";6;"CENTRAL FÁCIL-SEBRAE";121
201801;8;"Sobral";8;"SINE - IDT";7152
201801;8;"Sobral";9;"E-VAPT VUPT";4663
201801;8;"Sobral";11;"SRF";274
201801;8;"Sobral";13;"INSS";66
201801;8;"Sobral";14;"DPGE";527
201801;8;"Sobral";19;"CENTRAL FÁCIL - SESCAP";83
201801;8;"Sobral";20;"SPS";3966
201801;8;"Sobral";27;"SEFIN";218
201801;8;"Sobral";30;"BRADESCO";5216
201801;8;"Sobral";35;"SEUMA";347
201801;8;"Sobral";39;"SESEP";604
201801;8;"Sobral";40;"CMT";31
201801;8;"Sobral";41;"JUNTA MILITAR";646
201801;8;"Sobral";42;"VIGILANCIA SANITARIA";64
201801;8;"Sobral";43;"STDE";298
201801;8;"Sobral";44;"SAAE";60
201801;9;"Antônio Bezerra";1;"PEFOCE";20470
201801;9;"Antônio Bezerra";2;"DETRAN-HABILITAÇÃO";2489
201801;9;"Antônio Bezerra";3;"SEFAZ";10
201801;9;"Antônio Bezerra";4;"JUCEC";169
201801;9;"Antônio Bezerra";8;"SINE - IDT";6769
201801;9;"Antônio Bezerra";9;"E-VAPT VUPT";6346
201801;9;"Antônio Bezerra";11;"SRF";1355
201801;9;"Antônio Bezerra";13;"INSS";346
201801;9;"Antônio Bezerra";15;"CAGECE";1203
201801;9;"Antônio Bezerra";19;"CENTRAL FÁCIL - SESCAP";125
201801;9;"Antônio Bezerra";20;"SPS";5457
201801;9;"Antônio Bezerra";23;"TRE";9678
201801;9;"Antônio Bezerra";24;"AMC";1516
201801;9;"Antônio Bezerra";25;"SDHDS";2473
201801;9;"Antônio Bezerra";27;"SEFIN";441
201801;9;"Antônio Bezerra";28;"PROCON";535
201801;9;"Antônio Bezerra";29;"ETUFOR";3740
201801;9;"Antônio Bezerra";30;"BRADESCO";5108
201801;9;"Antônio Bezerra";32;"SDE";251
201801;9;"Antônio Bezerra";36;"SECRETARIA DA SAUDE";1471
201801;9;"Antônio Bezerra";37;"PEFOCE 2";342
201802;1;"Juazeiro do Norte";1;"PEFOCE";4361
201802;1;"Juazeiro do Norte";2;"DETRAN-HABILITAÇÃO";4921
201802;1;"Juazeiro do Norte";3;"SEFAZ";8
201802;1;"Juazeiro do Norte";4;"JUCEC";628
201802;1;"Juazeiro do Norte";5;"CENTRAL FÁCIL - CRC";18
201802;1;"Juazeiro do Norte";8;"SINE - IDT";2948
201802;1;"Juazeiro do Norte";9;"E-VAPT VUPT";1463
201802;1;"Juazeiro do Norte";11;"SRF";234
201802;1;"Juazeiro do Norte";13;"INSS";628
201802;1;"Juazeiro do Norte";15;"CAGECE";116
201802;1;"Juazeiro do Norte";18;"AUTO ESCOLA";492
201802;1;"Juazeiro do Norte";19;"CENTRAL FÁCIL - SESCAP";61
201802;1;"Juazeiro do Norte";20;"SPS";567
201802;1;"Juazeiro do Norte";30;"BRADESCO";5842
201802;1;"Juazeiro do Norte";38;"CAIXA";2829
201802;2;"Messejana";1;"PEFOCE";7768
201802;2;"Messejana";2;"DETRAN-HABILITAÇÃO";4186
201802;2;"Messejana";3;"SEFAZ";413
201802;2;"Messejana";4;"JUCEC";237
201802;2;"Messejana";8;"SINE - IDT";4401
201802;2;"Messejana";9;"E-VAPT VUPT";2545
201802;2;"Messejana";11;"SRF";1055
201802;2;"Messejana";12;"ARCE";23
201802;2;"Messejana";13;"INSS";436
201802;2;"Messejana";14;"DPGE";852
201802;2;"Messejana";15;"CAGECE";885
201802;2;"Messejana";20;"SPS";3099
201802;2;"Messejana";23;"TRE";14281
201802;2;"Messejana";24;"AMC";1052
201802;2;"Messejana";25;"SDHDS";2060
201802;2;"Messejana";27;"SEFIN";668
201802;2;"Messejana";28;"PROCON";489
201802;2;"Messejana";29;"ETUFOR";3544
201802;2;"Messejana";30;"BRADESCO";5654
201802;2;"Messejana";32;"SDE";652
201802;2;"Messejana";36;"SECRETARIA DA SAUDE";576
201802;8;"Sobral";1;"PEFOCE";4277
201802;8;"Sobral";2;"DETRAN-HABILITAÇÃO";2538
201802;8;"Sobral";4;"JUCEC";308
201802;8;"Sobral";8;"SINE - IDT";5292
201802;8;"Sobral";9;"E-VAPT VUPT";3260
201802;8;"Sobral";11;"SRF";218
201802;8;"Sobral";13;"INSS";214
201802;8;"Sobral";14;"DPGE";351
201802;8;"Sobral";19;"CENTRAL FÁCIL - SESCAP";72
201802;8;"Sobral";20;"SPS";2309
201802;8;"Sobral";27;"SEFIN";288
201802;8;"Sobral";30;"BRADESCO";4457
201802;8;"Sobral";35;"SEUMA";335
201802;8;"Sobral";39;"SESEP";619
201802;8;"Sobral";40;"CMT";58
201802;8;"Sobral";41;"JUNTA MILITAR";1066
201802;8;"Sobral";42;"VIGILANCIA SANITARIA";97
201802;8;"Sobral";43;"STDE";433
201802;8;"Sobral";44;"SAAE";73
201802;8;"Sobral";45;"AMA";10
201802;9;"Antônio Bezerra";1;"PEFOCE";15302
201802;9;"Antônio Bezerra";2;"DETRAN-HABILITAÇÃO";1755
201802;9;"Antônio Bezerra";3;"SEFAZ";8
201802;9;"Antônio Bezerra";4;"JUCEC";149
201802;9;"Antônio Bezerra";8;"SINE - IDT";5295
201802;9;"Antônio Bezerra";9;"E-VAPT VUPT";4869
201802;9;"Antônio Bezerra";11;"SRF";896
201802;9;"Antônio Bezerra";13;"INSS";226
201802;9;"Antônio Bezerra";15;"CAGECE";930
201802;9;"Antônio Bezerra";19;"CENTRAL FÁCIL - SESCAP";88
201802;9;"Antônio Bezerra";20;"SPS";3544
201802;9;"Antônio Bezerra";23;"TRE";8317
201802;9;"Antônio Bezerra";24;"AMC";1019
201802;9;"Antônio Bezerra";25;"SDHDS";1846
201802;9;"Antônio Bezerra";27;"SEFIN";498
201802;9;"Antônio Bezerra";28;"PROCON";409
201802;9;"Antônio Bezerra";29;"ETUFOR";3607
201802;9;"Antônio Bezerra";30;"BRADESCO";4273
201802;9;"Antônio Bezerra";32;"SDE";183
201802;9;"Antônio Bezerra";36;"SECRETARIA DA SAUDE";908
201802;9;"Antônio Bezerra";37;"PEFOCE 2";227
201803;1;"Juazeiro do Norte";1;"PEFOCE";4660
201803;1;"Juazeiro do Norte";2;"DETRAN-HABILITAÇÃO";5408
201803;1;"Juazeiro do Norte";3;"SEFAZ";83
201803;1;"Juazeiro do Norte";4;"JUCEC";799
201803;1;"Juazeiro do Norte";5;"CENTRAL FÁCIL - CRC";14
201803;1;"Juazeiro do Norte";8;"SINE - IDT";2910
201803;1;"Juazeiro do Norte";9;"E-VAPT VUPT";1433
201803;1;"Juazeiro do Norte";11;"SRF";249
201803;1;"Juazeiro do Norte";13;"INSS";354
201803;1;"Juazeiro do Norte";15;"CAGECE";115
201803;1;"Juazeiro do Norte";18;"AUTO ESCOLA";715
201803;1;"Juazeiro do Norte";19;"CENTRAL FÁCIL - SESCAP";70
201803;1;"Juazeiro do Norte";20;"SPS";494
201803;1;"Juazeiro do Norte";30;"BRADESCO";5974
201803;1;"Juazeiro do Norte";38;"CAIXA";3027
201803;2;"Messejana";1;"PEFOCE";8376
201803;2;"Messejana";2;"DETRAN-HABILITAÇÃO";4754
201803;2;"Messejana";3;"SEFAZ";370
201803;2;"Messejana";4;"JUCEC";291
201803;2;"Messejana";8;"SINE - IDT";4736
201803;2;"Messejana";9;"E-VAPT VUPT";2385
201803;2;"Messejana";11;"SRF";1093
201803;2;"Messejana";12;"ARCE";27
201803;2;"Messejana";13;"INSS";406
201803;2;"Messejana";14;"DPGE";972
201803;2;"Messejana";15;"CAGECE";893
201803;2;"Messejana";20;"SPS";3461
201803;2;"Messejana";23;"TRE";15062
201803;2;"Messejana";24;"AMC";958
201803;2;"Messejana";25;"SDHDS";2017
201803;2;"Messejana";27;"SEFIN";541
201803;2;"Messejana";28;"PROCON";553
201803;2;"Messejana";29;"ETUFOR";3444
201803;2;"Messejana";30;"BRADESCO";5763
201803;2;"Messejana";32;"SDE";465
201803;2;"Messejana";36;"SECRETARIA DA SAUDE";561
201803;8;"Sobral";1;"PEFOCE";4338
201803;8;"Sobral";2;"DETRAN-HABILITAÇÃO";2897
201803;8;"Sobral";4;"JUCEC";395
201803;8;"Sobral";5;"CENTRAL FÁCIL - CRC";1
201803;8;"Sobral";8;"SINE - IDT";5721
201803;8;"Sobral";9;"E-VAPT VUPT";3432
201803;8;"Sobral";11;"SRF";185
201803;8;"Sobral";13;"INSS";102
201803;8;"Sobral";14;"DPGE";354
201803;8;"Sobral";19;"CENTRAL FÁCIL - SESCAP";118
201803;8;"Sobral";20;"SPS";2192
201803;8;"Sobral";27;"SEFIN";318
201803;8;"Sobral";30;"BRADESCO";4608
201803;8;"Sobral";35;"SEUMA";349
201803;8;"Sobral";39;"SESEP";623
201803;8;"Sobral";40;"CMT";43
201803;8;"Sobral";41;"JUNTA MILITAR";1127
201803;8;"Sobral";42;"VIGILANCIA SANITARIA";86
201803;8;"Sobral";43;"STDE";248
201803;8;"Sobral";44;"SAAE";71
201803;8;"Sobral";45;"AMA";12
201803;9;"Antônio Bezerra";1;"PEFOCE";15163
201803;9;"Antônio Bezerra";2;"DETRAN-HABILITAÇÃO";2025
201803;9;"Antônio Bezerra";3;"SEFAZ";5
201803;9;"Antônio Bezerra";4;"JUCEC";161
201803;9;"Antônio Bezerra";8;"SINE - IDT";6021
201803;9;"Antônio Bezerra";9;"E-VAPT VUPT";4948
201803;9;"Antônio Bezerra";11;"SRF";953
201803;9;"Antônio Bezerra";12;"ARCE";1
201803;9;"Antônio Bezerra";13;"INSS";184
201803;9;"Antônio Bezerra";15;"CAGECE";1213
201803;9;"Antônio Bezerra";19;"CENTRAL FÁCIL - SESCAP";119
201803;9;"Antônio Bezerra";20;"SPS";3769
201803;9;"Antônio Bezerra";23;"TRE";7514
201803;9;"Antônio Bezerra";24;"AMC";909
201803;9;"Antônio Bezerra";25;"SDHDS";2441
201803;9;"Antônio Bezerra";27;"SEFIN";369
201803;9;"Antônio Bezerra";28;"PROCON";485
201803;9;"Antônio Bezerra";29;"ETUFOR";4049
201803;9;"Antônio Bezerra";30;"BRADESCO";4519
201803;9;"Antônio Bezerra";32;"SDE";106
201803;9;"Antônio Bezerra";36;"SECRETARIA DA SAUDE";914
201803;9;"Antônio Bezerra";37;"PEFOCE 2";281
201804;1;"Juazeiro do Norte";1;"PEFOCE";4485
201804;1;"Juazeiro do Norte";2;"DETRAN-HABILITAÇÃO";5864
201804;1;"Juazeiro do Norte";3;"SEFAZ";75
201804;1;"Juazeiro do Norte";4;"JUCEC";824
201804;1;"Juazeiro do Norte";5;"CENTRAL FÁCIL - CRC";16
201804;1;"Juazeiro do Norte";8;"SINE - IDT";2862
201804;1;"Juazeiro do Norte";9;"E-VAPT VUPT";1466
201804;1;"Juazeiro do Norte";11;"SRF";249
201804;1;"Juazeiro do Norte";12;"ARCE";1
201804;1;"Juazeiro do Norte";13;"INSS";291
201804;1;"Juazeiro do Norte";15;"CAGECE";101
201804;1;"Juazeiro do Norte";18;"AUTO ESCOLA";752
201804;1;"Juazeiro do Norte";19;"CENTRAL FÁCIL - SESCAP";104
201804;1;"Juazeiro do Norte";20;"SPS";490
201804;1;"Juazeiro do Norte";30;"BRADESCO";6082
201804;1;"Juazeiro do Norte";38;"CAIXA";3153
201804;2;"Messejana";1;"PEFOCE";8739
201804;2;"Messejana";2;"DETRAN-HABILITAÇÃO";4867
201804;2;"Messejana";3;"SEFAZ";370
201804;2;"Messejana";4;"JUCEC";325
201804;2;"Messejana";8;"SINE - IDT";4590
201804;2;"Messejana";9;"E-VAPT VUPT";1866
201804;2;"Messejana";11;"SRF";1156
201804;2;"Messejana";12;"ARCE";30
201804;2;"Messejana";13;"INSS";379
201804;2;"Messejana";14;"DPGE";896
201804;2;"Messejana";15;"CAGECE";1028
201804;2;"Messejana";20;"SPS";3187
201804;2;"Messejana";23;"TRE";14873
201804;2;"Messejana";24;"AMC";1070
201804;2;"Messejana";25;"SDHDS";2183
201804;2;"Messejana";27;"SEFIN";491
201804;2;"Messejana";28;"PROCON";632
201804;2;"Messejana";29;"ETUFOR";3629
201804;2;"Messejana";30;"BRADESCO";5921
201804;2;"Messejana";32;"SDE";509
201804;2;"Messejana";36;"SECRETARIA DA SAUDE";1158
201804;8;"Sobral";1;"PEFOCE";4633
201804;8;"Sobral";2;"DETRAN-HABILITAÇÃO";2610
201804;8;"Sobral";4;"JUCEC";376
201804;8;"Sobral";8;"SINE - IDT";5966
201804;8;"Sobral";9;"E-VAPT VUPT";3389
201804;8;"Sobral";11;"SRF";265
201804;8;"Sobral";13;"INSS";131
201804;8;"Sobral";14;"DPGE";273
201804;8;"Sobral";19;"CENTRAL FÁCIL - SESCAP";121
201804;8;"Sobral";20;"SPS";2924
201804;8;"Sobral";27;"SEFIN";297
201804;8;"Sobral";30;"BRADESCO";4723
201804;8;"Sobral";35;"SEUMA";354
201804;8;"Sobral";39;"SESEP";510
201804;8;"Sobral";40;"CMT";74
201804;8;"Sobral";41;"JUNTA MILITAR";1209
201804;8;"Sobral";42;"VIGILANCIA SANITARIA";69
201804;8;"Sobral";43;"STDE";339
201804;8;"Sobral";44;"SAAE";87
201804;8;"Sobral";45;"AMA";4
201804;9;"Antônio Bezerra";1;"PEFOCE";15522
201804;9;"Antônio Bezerra";2;"DETRAN-HABILITAÇÃO";2224
201804;9;"Antônio Bezerra";3;"SEFAZ";14
201804;9;"Antônio Bezerra";4;"JUCEC";167
201804;9;"Antônio Bezerra";8;"SINE - IDT";6450
201804;9;"Antônio Bezerra";9;"E-VAPT VUPT";3785
201804;9;"Antônio Bezerra";11;"SRF";1286
201804;9;"Antônio Bezerra";13;"INSS";267
201804;9;"Antônio Bezerra";15;"CAGECE";1176
201804;9;"Antônio Bezerra";19;"CENTRAL FÁCIL - SESCAP";102
201804;9;"Antônio Bezerra";20;"SPS";3477
201804;9;"Antônio Bezerra";23;"TRE";9122
201804;9;"Antônio Bezerra";24;"AMC";1145
201804;9;"Antônio Bezerra";25;"SDHDS";2571
201804;9;"Antônio Bezerra";27;"SEFIN";303
201804;9;"Antônio Bezerra";28;"PROCON";575
201804;9;"Antônio Bezerra";29;"ETUFOR";3958
201804;9;"Antônio Bezerra";30;"BRADESCO";4711
201804;9;"Antônio Bezerra";32;"SDE";141
201804;9;"Antônio Bezerra";36;"SECRETARIA DA SAUDE";1262
201804;9;"Antônio Bezerra";37;"PEFOCE 2";203
201805;1;"Juazeiro do Norte";1;"PEFOCE";5127
201805;1;"Juazeiro do Norte";2;"DETRAN-HABILITAÇÃO";6399
201805;1;"Juazeiro do Norte";3;"SEFAZ";69
201805;1;"Juazeiro do Norte";4;"JUCEC";941
201805;1;"Juazeiro do Norte";5;"CENTRAL FÁCIL - CRC";12
201805;1;"Juazeiro do Norte";8;"SINE - IDT";3022
201805;1;"Juazeiro do Norte";9;"E-VAPT VUPT";1524
201805;1;"Juazeiro do Norte";11;"SRF";237
201805;1;"Juazeiro do Norte";13;"INSS";300
201805;1;"Juazeiro do Norte";15;"CAGECE";743
201805;1;"Juazeiro do Norte";18;"AUTO ESCOLA";806
201805;1;"Juazeiro do Norte";19;"CENTRAL FÁCIL - SESCAP";91
201805;1;"Juazeiro do Norte";20;"SPS";497
201805;1;"Juazeiro do Norte";30;"BRADESCO";6508
201805;1;"Juazeiro do Norte";38;"CAIXA";3286
201805;2;"Messejana";1;"PEFOCE";8578
201805;2;"Messejana";2;"DETRAN-HABILITAÇÃO";4934
201805;2;"Messejana";3;"SEFAZ";312
201805;2;"Messejana";4;"JUCEC";349
201805;2;"Messejana";8;"SINE - IDT";4544
201805;2;"Messejana";9;"E-VAPT VUPT";3082
201805;2;"Messejana";11;"SRF";921
201805;2;"Messejana";12;"ARCE";26
201805;2;"Messejana";13;"INSS";429
201805;2;"Messejana";14;"DPGE";899
201805;2;"Messejana";15;"CAGECE";1004
201805;2;"Messejana";20;"SPS";3582
201805;2;"Messejana";23;"TRE";5493
201805;2;"Messejana";24;"AMC";1041
201805;2;"Messejana";25;"SDHDS";2102
201805;2;"Messejana";27;"SEFIN";484
201805;2;"Messejana";28;"PROCON";574
201805;2;"Messejana";29;"ETUFOR";3610
201805;2;"Messejana";30;"BRADESCO";6062
201805;2;"Messejana";32;"SDE";471
201805;2;"Messejana";36;"SECRETARIA DA SAUDE";894
201805;8;"Sobral";1;"PEFOCE";4739
201805;8;"Sobral";2;"DETRAN-HABILITAÇÃO";2732
201805;8;"Sobral";4;"JUCEC";446
201805;8;"Sobral";8;"SINE - IDT";5264
201805;8;"Sobral";9;"E-VAPT VUPT";4321
201805;8;"Sobral";11;"SRF";226
201805;8;"Sobral";13;"INSS";176
201805;8;"Sobral";14;"DPGE";334
201805;8;"Sobral";19;"CENTRAL FÁCIL - SESCAP";72
201805;8;"Sobral";20;"SPS";2573
201805;8;"Sobral";27;"SEFIN";333
201805;8;"Sobral";30;"BRADESCO";5085
201805;8;"Sobral";35;"SEUMA";363
201805;8;"Sobral";39;"SESEP";530
201805;8;"Sobral";40;"CMT";95
201805;8;"Sobral";41;"JUNTA MILITAR";1163
201805;8;"Sobral";42;"VIGILANCIA SANITARIA";53
201805;8;"Sobral";43;"STDE";426
201805;8;"Sobral";44;"SAAE";129
201805;8;"Sobral";45;"AMA";5
201805;9;"Antônio Bezerra";1;"PEFOCE";17077
201805;9;"Antônio Bezerra";2;"DETRAN-HABILITAÇÃO";2134
201805;9;"Antônio Bezerra";3;"SEFAZ";5
201805;9;"Antônio Bezerra";4;"JUCEC";195
201805;9;"Antônio Bezerra";8;"SINE - IDT";6186
201805;9;"Antônio Bezerra";9;"E-VAPT VUPT";4029
201805;9;"Antônio Bezerra";11;"SRF";1303
201805;9;"Antônio Bezerra";13;"INSS";265
201805;9;"Antônio Bezerra";15;"CAGECE";2632
201805;9;"Antônio Bezerra";19;"CENTRAL FÁCIL - SESCAP";104
201805;9;"Antônio Bezerra";20;"SPS";3694
201805;9;"Antônio Bezerra";23;"TRE";4204
201805;9;"Antônio Bezerra";24;"AMC";1039
201805;9;"Antônio Bezerra";25;"SDHDS";2481
201805;9;"Antônio Bezerra";27;"SEFIN";282
201805;9;"Antônio Bezerra";28;"PROCON";660
201805;9;"Antônio Bezerra";29;"ETUFOR";3916
201805;9;"Antônio Bezerra";30;"BRADESCO";5161
201805;9;"Antônio Bezerra";32;"SDE";145
201805;9;"Antônio Bezerra";36;"SECRETARIA DA SAUDE";1143
201805;9;"Antônio Bezerra";37;"PEFOCE 2";141
201806;1;"Juazeiro do Norte";1;"PEFOCE";4635
201806;1;"Juazeiro do Norte";2;"DETRAN-HABILITAÇÃO";5341
201806;1;"Juazeiro do Norte";3;"SEFAZ";64
201806;1;"Juazeiro do Norte";4;"JUCEC";840
201806;1;"Juazeiro do Norte";5;"CENTRAL FÁCIL - CRC";9
201806;1;"Juazeiro do Norte";8;"SINE - IDT";2657
201806;1;"Juazeiro do Norte";9;"E-VAPT VUPT";2042
201806;1;"Juazeiro do Norte";11;"SRF";320
201806;1;"Juazeiro do Norte";13;"INSS";279
201806;1;"Juazeiro do Norte";15;"CAGECE";1684
201806;1;"Juazeiro do Norte";18;"AUTO ESCOLA";582
201806;1;"Juazeiro do Norte";19;"CENTRAL FÁCIL - SESCAP";124
201806;1;"Juazeiro do Norte";20;"SPS";508
201806;1;"Juazeiro do Norte";30;"BRADESCO";6090
201806;1;"Juazeiro do Norte";38;"CAIXA";3661
201806;2;"Messejana";1;"PEFOCE";8363
201806;2;"Messejana";2;"DETRAN-HABILITAÇÃO";4464
201806;2;"Messejana";3;"SEFAZ";273
201806;2;"Messejana";4;"JUCEC";262
201806;2;"Messejana";8;"SINE - IDT";4532
201806;2;"Messejana";9;"E-VAPT VUPT";4624
201806;2;"Messejana";11;"SRF";843
201806;2;"Messejana";12;"ARCE";25
201806;2;"Messejana";13;"INSS";655
201806;2;"Messejana";14;"DPGE";900
201806;2;"Messejana";15;"CAGECE";1011
201806;2;"Messejana";20;"SPS";3587
201806;2;"Messejana";23;"TRE";877
201806;2;"Messejana";24;"AMC";942
201806;2;"Messejana";25;"SDHDS";1871
201806;2;"Messejana";27;"SEFIN";405
201806;2;"Messejana";28;"PROCON";599
201806;2;"Messejana";29;"ETUFOR";2852
201806;2;"Messejana";30;"BRADESCO";6016
201806;2;"Messejana";32;"SDE";349
201806;2;"Messejana";36;"SECRETARIA DA SAUDE";498
201806;8;"Sobral";1;"PEFOCE";4479
201806;8;"Sobral";2;"DETRAN-HABILITAÇÃO";2656
201806;8;"Sobral";4;"JUCEC";359
201806;8;"Sobral";8;"SINE - IDT";5532
201806;8;"Sobral";9;"E-VAPT VUPT";4546
201806;8;"Sobral";11;"SRF";210
201806;8;"Sobral";13;"INSS";161
201806;8;"Sobral";14;"DPGE";343
201806;8;"Sobral";19;"CENTRAL FÁCIL - SESCAP";90
201806;8;"Sobral";20;"SPS";2884
201806;8;"Sobral";27;"SEFIN";204
201806;8;"Sobral";30;"BRADESCO";4875
201806;8;"Sobral";35;"SEUMA";254
201806;8;"Sobral";39;"SESEP";505
201806;8;"Sobral";40;"CMT";88
201806;8;"Sobral";41;"JUNTA MILITAR";948
201806;8;"Sobral";42;"VIGILANCIA SANITARIA";37
201806;8;"Sobral";43;"STDE";392
201806;8;"Sobral";44;"SAAE";213
201806;8;"Sobral";45;"AMA";12
201806;9;"Antônio Bezerra";1;"PEFOCE";16743
201806;9;"Antônio Bezerra";2;"DETRAN-HABILITAÇÃO";2110
201806;9;"Antônio Bezerra";3;"SEFAZ";5
201806;9;"Antônio Bezerra";4;"JUCEC";168
201806;9;"Antônio Bezerra";8;"SINE - IDT";6020
201806;9;"Antônio Bezerra";9;"E-VAPT VUPT";4959
201806;9;"Antônio Bezerra";11;"SRF";826
201806;9;"Antônio Bezerra";13;"INSS";232
201806;9;"Antônio Bezerra";15;"CAGECE";4245
201806;9;"Antônio Bezerra";19;"CENTRAL FÁCIL - SESCAP";67
201806;9;"Antônio Bezerra";20;"SPS";3485
201806;9;"Antônio Bezerra";24;"AMC";884
201806;9;"Antônio Bezerra";25;"SDHDS";2494
201806;9;"Antônio Bezerra";27;"SEFIN";252
201806;9;"Antônio Bezerra";28;"PROCON";674
201806;9;"Antônio Bezerra";29;"ETUFOR";3368
201806;9;"Antônio Bezerra";30;"BRADESCO";5900
201806;9;"Antônio Bezerra";32;"SDE";126
201806;9;"Antônio Bezerra";36;"SECRETARIA DA SAUDE";346
201806;9;"Antônio Bezerra";37;"PEFOCE 2";141
201807;1;"Juazeiro do Norte";1;"PEFOCE";5060
201807;1;"Juazeiro do Norte";2;"DETRAN-HABILITAÇÃO";6576
201807;1;"Juazeiro do Norte";3;"SEFAZ";73
201807;1;"Juazeiro do Norte";4;"JUCEC";814
201807;1;"Juazeiro do Norte";5;"CENTRAL FÁCIL - CRC";13
201807;1;"Juazeiro do Norte";8;"SINE - IDT";3025
201807;1;"Juazeiro do Norte";9;"E-VAPT VUPT";2229
201807;1;"Juazeiro do Norte";11;"SRF";510
201807;1;"Juazeiro do Norte";13;"INSS";257
201807;1;"Juazeiro do Norte";15;"CAGECE";2141
201807;1;"Juazeiro do Norte";18;"AUTO ESCOLA";785
201807;1;"Juazeiro do Norte";19;"CENTRAL FÁCIL - SESCAP";123
201807;1;"Juazeiro do Norte";20;"SPS";923
201807;1;"Juazeiro do Norte";30;"BRADESCO";6875
201807;1;"Juazeiro do Norte";38;"CAIXA";3013
201807;2;"Messejana";1;"PEFOCE";8849
201807;2;"Messejana";2;"DETRAN-HABILITAÇÃO";6155
201807;2;"Messejana";3;"SEFAZ";280
201807;2;"Messejana";4;"JUCEC";279
201807;2;"Messejana";8;"SINE - IDT";4656
201807;2;"Messejana";9;"E-VAPT VUPT";4847
201807;2;"Messejana";11;"SRF";884
201807;2;"Messejana";12;"ARCE";18
201807;2;"Messejana";13;"INSS";888
201807;2;"Messejana";14;"DPGE";980
201807;2;"Messejana";15;"CAGECE";1146
201807;2;"Messejana";20;"SPS";3731
201807;2;"Messejana";23;"TRE";869
201807;2;"Messejana";24;"AMC";725
201807;2;"Messejana";25;"SDHDS";1477
201807;2;"Messejana";27;"SEFIN";510
201807;2;"Messejana";28;"PROCON";753
201807;2;"Messejana";29;"ETUFOR";3601
201807;2;"Messejana";30;"BRADESCO";6377
201807;2;"Messejana";32;"SDE";464
201807;2;"Messejana";36;"SECRETARIA DA SAUDE";665
201807;8;"Sobral";1;"PEFOCE";5604
201807;8;"Sobral";2;"DETRAN-HABILITAÇÃO";3119
201807;8;"Sobral";4;"JUCEC";303
201807;8;"Sobral";8;"SINE - IDT";5109
201807;8;"Sobral";9;"E-VAPT VUPT";4589
201807;8;"Sobral";11;"SRF";278
201807;8;"Sobral";13;"INSS";290
201807;8;"Sobral";14;"DPGE";291
201807;8;"Sobral";19;"CENTRAL FÁCIL - SESCAP";77
201807;8;"Sobral";20;"SPS";2867
201807;8;"Sobral";27;"SEFIN";244
201807;8;"Sobral";30;"BRADESCO";4971
201807;8;"Sobral";35;"SEUMA";248
201807;8;"Sobral";39;"SESEP";516
201807;8;"Sobral";40;"CMT";111
201807;8;"Sobral";41;"JUNTA MILITAR";714
201807;8;"Sobral";42;"VIGILANCIA SANITARIA";35
201807;8;"Sobral";43;"STDE";317
201807;8;"Sobral";44;"SAAE";113
201807;8;"Sobral";45;"AMA";5
201807;9;"Antônio Bezerra";1;"PEFOCE";19433
201807;9;"Antônio Bezerra";2;"DETRAN-HABILITAÇÃO";2539
201807;9;"Antônio Bezerra";3;"SEFAZ";6
201807;9;"Antônio Bezerra";4;"JUCEC";160
201807;9;"Antônio Bezerra";8;"SINE - IDT";6710
201807;9;"Antônio Bezerra";9;"E-VAPT VUPT";6948
201807;9;"Antônio Bezerra";11;"SRF";1107
201807;9;"Antônio Bezerra";13;"INSS";377
201807;9;"Antônio Bezerra";15;"CAGECE";4983
201807;9;"Antônio Bezerra";19;"CENTRAL FÁCIL - SESCAP";125
201807;9;"Antônio Bezerra";20;"SPS";4671
201807;9;"Antônio Bezerra";24;"AMC";741
201807;9;"Antônio Bezerra";25;"SDHDS";2193
201807;9;"Antônio Bezerra";27;"SEFIN";275
201807;9;"Antônio Bezerra";28;"PROCON";639
201807;9;"Antônio Bezerra";29;"ETUFOR";4173
201807;9;"Antônio Bezerra";30;"BRADESCO";6327
201807;9;"Antônio Bezerra";32;"SDE";111
201807;9;"Antônio Bezerra";36;"SECRETARIA DA SAUDE";1247
201807;9;"Antônio Bezerra";37;"PEFOCE 2";307
201808;1;"Juazeiro do Norte";1;"PEFOCE";5334
201808;1;"Juazeiro do Norte";2;"DETRAN-HABILITAÇÃO";6696
201808;1;"Juazeiro do Norte";3;"SEFAZ";56
201808;1;"Juazeiro do Norte";4;"JUCEC";909
201808;1;"Juazeiro do Norte";5;"CENTRAL FÁCIL - CRC";10
201808;1;"Juazeiro do Norte";8;"SINE - IDT";3245
201808;1;"Juazeiro do Norte";9;"E-VAPT VUPT";2535
201808;1;"Juazeiro do Norte";11;"SRF";432
201808;1;"Juazeiro do Norte";13;"INSS";475
201808;1;"Juazeiro do Norte";15;"CAGECE";2736
201808;1;"Juazeiro do Norte";18;"AUTO ESCOLA";689
201808;1;"Juazeiro do Norte";19;"CENTRAL FÁCIL - SESCAP";114
201808;1;"Juazeiro do Norte";20;"SPS";707
201808;1;"Juazeiro do Norte";30;"BRADESCO";7105
201808;1;"Juazeiro do Norte";38;"CAIXA";3100
201808;2;"Messejana";1;"PEFOCE";11414
201808;2;"Messejana";2;"DETRAN-HABILITAÇÃO";6323
201808;2;"Messejana";3;"SEFAZ";291
201808;2;"Messejana";4;"JUCEC";346
201808;2;"Messejana";8;"SINE - IDT";5365
201808;2;"Messejana";9;"E-VAPT VUPT";4411
201808;2;"Messejana";11;"SRF";555
201808;2;"Messejana";12;"ARCE";15
201808;2;"Messejana";13;"INSS";1083
201808;2;"Messejana";14;"DPGE";1073
201808;2;"Messejana";15;"CAGECE";1054
201808;2;"Messejana";20;"SPS";3208
201808;2;"Messejana";23;"TRE";1165
201808;2;"Messejana";24;"AMC";843
201808;2;"Messejana";25;"SDHDS";1925
201808;2;"Messejana";27;"SEFIN";376
201808;2;"Messejana";28;"PROCON";639
201808;2;"Messejana";29;"ETUFOR";3813
201808;2;"Messejana";30;"BRADESCO";7080
201808;2;"Messejana";32;"SDE";459
201808;2;"Messejana";36;"SECRETARIA DA SAUDE";851
201808;8;"Sobral";1;"PEFOCE";5902
201808;8;"Sobral";2;"DETRAN-HABILITAÇÃO";3399
201808;8;"Sobral";4;"JUCEC";348
201808;8;"Sobral";8;"SINE - IDT";5849
201808;8;"Sobral";9;"E-VAPT VUPT";4959
201808;8;"Sobral";11;"SRF";262
201808;8;"Sobral";12;"ARCE";1
201808;8;"Sobral";13;"INSS";524
201808;8;"Sobral";14;"DPGE";338
201808;8;"Sobral";19;"CENTRAL FÁCIL - SESCAP";101
201808;8;"Sobral";20;"SPS";2423
201808;8;"Sobral";27;"SEFIN";244
201808;8;"Sobral";30;"BRADESCO";5813
201808;8;"Sobral";35;"SEUMA";272
201808;8;"Sobral";39;"SESEP";615
201808;8;"Sobral";40;"CMT";136
201808;8;"Sobral";41;"JUNTA MILITAR";821
201808;8;"Sobral";42;"VIGILANCIA SANITARIA";23
201808;8;"Sobral";43;"STDE";316
201808;8;"Sobral";44;"SAAE";229
201808;9;"Antônio Bezerra";1;"PEFOCE";19987
201808;9;"Antônio Bezerra";2;"DETRAN-HABILITAÇÃO";2923
201808;9;"Antônio Bezerra";4;"JUCEC";228
201808;9;"Antônio Bezerra";8;"SINE - IDT";7012
201808;9;"Antônio Bezerra";9;"E-VAPT VUPT";7822
201808;9;"Antônio Bezerra";11;"SRF";754
201808;9;"Antônio Bezerra";13;"INSS";246
201808;9;"Antônio Bezerra";15;"CAGECE";5092
201808;9;"Antônio Bezerra";19;"CENTRAL FÁCIL - SESCAP";117
201808;9;"Antônio Bezerra";20;"SPS";4197
201808;9;"Antônio Bezerra";24;"AMC";851
201808;9;"Antônio Bezerra";25;"SDHDS";2247
201808;9;"Antônio Bezerra";27;"SEFIN";242
201808;9;"Antônio Bezerra";28;"PROCON";728
201808;9;"Antônio Bezerra";29;"ETUFOR";3952
201808;9;"Antônio Bezerra";30;"BRADESCO";6703
201808;9;"Antônio Bezerra";32;"SDE";133
201808;9;"Antônio Bezerra";36;"SECRETARIA DA SAUDE";853
201808;9;"Antônio Bezerra";37;"PEFOCE 2";218
201809;1;"Juazeiro do Norte";1;"PEFOCE";3322
201809;1;"Juazeiro do Norte";2;"DETRAN-HABILITAÇÃO";5371
201809;1;"Juazeiro do Norte";3;"SEFAZ";52
201809;1;"Juazeiro do Norte";4;"JUCEC";771
201809;1;"Juazeiro do Norte";5;"CENTRAL FÁCIL - CRC";10
201809;1;"Juazeiro do Norte";8;"SINE - IDT";2476
201809;1;"Juazeiro do Norte";9;"E-VAPT VUPT";2000
201809;1;"Juazeiro do Norte";11;"SRF";235
201809;1;"Juazeiro do Norte";12;"ARCE";1
201809;1;"Juazeiro do Norte";13;"INSS";317
201809;1;"Juazeiro do Norte";15;"CAGECE";2219
201809;1;"Juazeiro do Norte";18;"AUTO ESCOLA";472
201809;1;"Juazeiro do Norte";19;"CENTRAL FÁCIL - SESCAP";53
201809;1;"Juazeiro do Norte";20;"SPS";449
201809;1;"Juazeiro do Norte";30;"BRADESCO";6123
201809;1;"Juazeiro do Norte";38;"CAIXA";3003
201809;2;"Messejana";1;"PEFOCE";9469
201809;2;"Messejana";2;"DETRAN-HABILITAÇÃO";5051
201809;2;"Messejana";3;"SEFAZ";202
201809;2;"Messejana";4;"JUCEC";239
201809;2;"Messejana";8;"SINE - IDT";4818
201809;2;"Messejana";9;"E-VAPT VUPT";3774
201809;2;"Messejana";11;"SRF";544
201809;2;"Messejana";13;"INSS";904
201809;2;"Messejana";14;"DPGE";953
201809;2;"Messejana";15;"CAGECE";3747
201809;2;"Messejana";20;"SPS";2882
201809;2;"Messejana";23;"TRE";917
201809;2;"Messejana";24;"AMC";929
201809;2;"Messejana";25;"SDHDS";2487
201809;2;"Messejana";27;"SEFIN";387
201809;2;"Messejana";28;"PROCON";544
201809;2;"Messejana";29;"ETUFOR";2696
201809;2;"Messejana";30;"BRADESCO";6949
201809;2;"Messejana";32;"SDE";312
201809;2;"Messejana";36;"SECRETARIA DA SAUDE";609
201809;8;"Sobral";1;"PEFOCE";4490
201809;8;"Sobral";2;"DETRAN-HABILITAÇÃO";2722
201809;8;"Sobral";3;"SEFAZ";52
201809;8;"Sobral";4;"JUCEC";322
201809;8;"Sobral";8;"SINE - IDT";4838
201809;8;"Sobral";9;"E-VAPT VUPT";3527
201809;8;"Sobral";11;"SRF";205
201809;8;"Sobral";13;"INSS";538
201809;8;"Sobral";14;"DPGE";186
201809;8;"Sobral";19;"CENTRAL FÁCIL - SESCAP";65
201809;8;"Sobral";20;"SPS";1788
201809;8;"Sobral";27;"SEFIN";255
201809;8;"Sobral";30;"BRADESCO";4859
201809;8;"Sobral";35;"SEUMA";198
201809;8;"Sobral";39;"SESEP";532
201809;8;"Sobral";40;"CMT";93
201809;8;"Sobral";41;"JUNTA MILITAR";503
201809;8;"Sobral";42;"VIGILANCIA SANITARIA";24
201809;8;"Sobral";43;"STDE";321
201809;8;"Sobral";44;"SAAE";194
201809;8;"Sobral";45;"AMA";2
201809;9;"Antônio Bezerra";1;"PEFOCE";17643
201809;9;"Antônio Bezerra";2;"DETRAN-HABILITAÇÃO";2311
201809;9;"Antônio Bezerra";4;"JUCEC";165
201809;9;"Antônio Bezerra";8;"SINE - IDT";5276
201809;9;"Antônio Bezerra";9;"E-VAPT VUPT";5303
201809;9;"Antônio Bezerra";11;"SRF";527
201809;9;"Antônio Bezerra";13;"INSS";179
201809;9;"Antônio Bezerra";15;"CAGECE";4658
201809;9;"Antônio Bezerra";19;"CENTRAL FÁCIL - SESCAP";76
201809;9;"Antônio Bezerra";20;"SPS";3716
201809;9;"Antônio Bezerra";24;"AMC";1101
201809;9;"Antônio Bezerra";25;"SDHDS";2120
201809;9;"Antônio Bezerra";27;"SEFIN";195
201809;9;"Antônio Bezerra";28;"PROCON";557
201809;9;"Antônio Bezerra";29;"ETUFOR";2942
201809;9;"Antônio Bezerra";30;"BRADESCO";6030
201809;9;"Antônio Bezerra";32;"SDE";86
201809;9;"Antônio Bezerra";36;"SECRETARIA DA SAUDE";828
201809;9;"Antônio Bezerra";37;"PEFOCE 2";324
201810;1;"Juazeiro do Norte";1;"PEFOCE";4054
201810;1;"Juazeiro do Norte";2;"DETRAN-HABILITAÇÃO";5938
201810;1;"Juazeiro do Norte";3;"SEFAZ";64
201810;1;"Juazeiro do Norte";4;"JUCEC";773
201810;1;"Juazeiro do Norte";5;"CENTRAL FÁCIL - CRC";12
201810;1;"Juazeiro do Norte";8;"SINE - IDT";3337
201810;1;"Juazeiro do Norte";9;"E-VAPT VUPT";2028
201810;1;"Juazeiro do Norte";11;"SRF";239
201810;1;"Juazeiro do Norte";12;"ARCE";3
201810;1;"Juazeiro do Norte";13;"INSS";312
201810;1;"Juazeiro do Norte";15;"CAGECE";2611
201810;1;"Juazeiro do Norte";18;"AUTO ESCOLA";477
201810;1;"Juazeiro do Norte";19;"CENTRAL FÁCIL - SESCAP";29
201810;1;"Juazeiro do Norte";20;"SPS";573
201810;1;"Juazeiro do Norte";30;"BRADESCO";6632
201810;1;"Juazeiro do Norte";38;"CAIXA";3176
201810;2;"Messejana";1;"PEFOCE";10785
201810;2;"Messejana";2;"DETRAN-HABILITAÇÃO";5746
201810;2;"Messejana";3;"SEFAZ";240
201810;2;"Messejana";4;"JUCEC";217
201810;2;"Messejana";8;"SINE - IDT";5776
201810;2;"Messejana";9;"E-VAPT VUPT";4451
201810;2;"Messejana";11;"SRF";474
201810;2;"Messejana";13;"INSS";966
201810;2;"Messejana";14;"DPGE";1086
201810;2;"Messejana";15;"CAGECE";5462
201810;2;"Messejana";20;"SPS";3083
201810;2;"Messejana";23;"TRE";907
201810;2;"Messejana";24;"AMC";1084
201810;2;"Messejana";25;"SDHDS";2317
201810;2;"Messejana";27;"SEFIN";457
201810;2;"Messejana";28;"PROCON";876
201810;2;"Messejana";29;"ETUFOR";2512
201810;2;"Messejana";30;"BRADESCO";7830
201810;2;"Messejana";32;"SDE";434
201810;2;"Messejana";36;"SECRETARIA DA SAUDE";574
201810;8;"Sobral";1;"PEFOCE";4746
201810;8;"Sobral";2;"DETRAN-HABILITAÇÃO";2558
201810;8;"Sobral";3;"SEFAZ";102
201810;8;"Sobral";4;"JUCEC";391
201810;8;"Sobral";8;"SINE - IDT";5780
201810;8;"Sobral";9;"E-VAPT VUPT";3181
201810;8;"Sobral";10;"CGE";1
201810;8;"Sobral";11;"SRF";234
201810;8;"Sobral";13;"INSS";714
201810;8;"Sobral";14;"DPGE";237
201810;8;"Sobral";19;"CENTRAL FÁCIL - SESCAP";52
201810;8;"Sobral";20;"SPS";2029
201810;8;"Sobral";27;"SEFIN";312
201810;8;"Sobral";30;"BRADESCO";5324
201810;8;"Sobral";35;"SEUMA";205
201810;8;"Sobral";39;"SESEP";613
201810;8;"Sobral";40;"CMT";81
201810;8;"Sobral";41;"JUNTA MILITAR";521
201810;8;"Sobral";42;"VIGILANCIA SANITARIA";41
201810;8;"Sobral";43;"STDE";411
201810;8;"Sobral";44;"SAAE";164
201810;8;"Sobral";45;"AMA";3
201810;9;"Antônio Bezerra";1;"PEFOCE";18220
201810;9;"Antônio Bezerra";2;"DETRAN-HABILITAÇÃO";2398
201810;9;"Antônio Bezerra";4;"JUCEC";174
201810;9;"Antônio Bezerra";8;"SINE - IDT";5802
201810;9;"Antônio Bezerra";9;"E-VAPT VUPT";4473
201810;9;"Antônio Bezerra";11;"SRF";370
201810;9;"Antônio Bezerra";13;"INSS";265
201810;9;"Antônio Bezerra";15;"CAGECE";4741
201810;9;"Antônio Bezerra";19;"CENTRAL FÁCIL - SESCAP";61
201810;9;"Antônio Bezerra";20;"SPS";3575
201810;9;"Antônio Bezerra";24;"AMC";1098
201810;9;"Antônio Bezerra";25;"SDHDS";2227
201810;9;"Antônio Bezerra";27;"SEFIN";276
201810;9;"Antônio Bezerra";28;"PROCON";894
201810;9;"Antônio Bezerra";29;"ETUFOR";2725
201810;9;"Antônio Bezerra";30;"BRADESCO";6016
201810;9;"Antônio Bezerra";32;"SDE";93
201810;9;"Antônio Bezerra";36;"SECRETARIA DA SAUDE";820
201810;9;"Antônio Bezerra";37;"PEFOCE 2";337
201811;1;"Juazeiro do Norte";1;"PEFOCE";3867
201811;1;"Juazeiro do Norte";2;"DETRAN-HABILITAÇÃO";5962
201811;1;"Juazeiro do Norte";3;"SEFAZ";48
201811;1;"Juazeiro do Norte";4;"JUCEC";648
201811;1;"Juazeiro do Norte";5;"CENTRAL FÁCIL - CRC";11
201811;1;"Juazeiro do Norte";8;"SINE - IDT";3351
201811;1;"Juazeiro do Norte";9;"E-VAPT VUPT";1730
201811;1;"Juazeiro do Norte";11;"SRF";339
201811;1;"Juazeiro do Norte";12;"ARCE";2
201811;1;"Juazeiro do Norte";13;"INSS";225
201811;1;"Juazeiro do Norte";15;"CAGECE";2228
201811;1;"Juazeiro do Norte";18;"AUTO ESCOLA";444
201811;1;"Juazeiro do Norte";19;"CENTRAL FÁCIL - SESCAP";35
201811;1;"Juazeiro do Norte";20;"SPS";438
201811;1;"Juazeiro do Norte";30;"BRADESCO";6340
201811;1;"Juazeiro do Norte";38;"CAIXA";3241
201811;2;"Messejana";1;"PEFOCE";9806
201811;2;"Messejana";2;"DETRAN-HABILITAÇÃO";5626
201811;2;"Messejana";3;"SEFAZ";208
201811;2;"Messejana";4;"JUCEC";197
201811;2;"Messejana";8;"SINE - IDT";5151
201811;2;"Messejana";9;"E-VAPT VUPT";4042
201811;2;"Messejana";11;"SRF";435
201811;2;"Messejana";13;"INSS";961
201811;2;"Messejana";14;"DPGE";900
201811;2;"Messejana";15;"CAGECE";5914
201811;2;"Messejana";20;"SPS";3098
201811;2;"Messejana";23;"TRE";3679
201811;2;"Messejana";24;"AMC";993
201811;2;"Messejana";25;"SDHDS";2127
201811;2;"Messejana";27;"SEFIN";553
201811;2;"Messejana";28;"PROCON";649
201811;2;"Messejana";29;"ETUFOR";2250
201811;2;"Messejana";30;"BRADESCO";7663
201811;2;"Messejana";32;"SDE";322
201811;2;"Messejana";36;"SECRETARIA DA SAUDE";471
201811;8;"Sobral";1;"PEFOCE";4818
201811;8;"Sobral";2;"DETRAN-HABILITAÇÃO";2575
201811;8;"Sobral";3;"SEFAZ";136
201811;8;"Sobral";4;"JUCEC";358
201811;8;"Sobral";8;"SINE - IDT";6160
201811;8;"Sobral";9;"E-VAPT VUPT";2863
201811;8;"Sobral";11;"SRF";234
201811;8;"Sobral";13;"INSS";763
201811;8;"Sobral";14;"DPGE";267
201811;8;"Sobral";19;"CENTRAL FÁCIL - SESCAP";52
201811;8;"Sobral";20;"SPS";2108
201811;8;"Sobral";27;"SEFIN";260
201811;8;"Sobral";30;"BRADESCO";5403
201811;8;"Sobral";35;"SEUMA";194
201811;8;"Sobral";39;"SESEP";485
201811;8;"Sobral";40;"CMT";43
201811;8;"Sobral";41;"JUNTA MILITAR";536
201811;8;"Sobral";42;"VIGILANCIA SANITARIA";34
201811;8;"Sobral";43;"STDE";248
201811;8;"Sobral";44;"SAAE";137
201811;8;"Sobral";45;"AMA";4
201811;9;"Antônio Bezerra";1;"PEFOCE";15483
201811;9;"Antônio Bezerra";2;"DETRAN-HABILITAÇÃO";2536
201811;9;"Antônio Bezerra";4;"JUCEC";137
201811;9;"Antônio Bezerra";8;"SINE - IDT";5716
201811;9;"Antônio Bezerra";9;"E-VAPT VUPT";3796
201811;9;"Antônio Bezerra";11;"SRF";337
201811;9;"Antônio Bezerra";13;"INSS";165
201811;9;"Antônio Bezerra";15;"CAGECE";4474
201811;9;"Antônio Bezerra";19;"CENTRAL FÁCIL - SESCAP";21
201811;9;"Antônio Bezerra";20;"SPS";3744
201811;9;"Antônio Bezerra";23;"TRE";2741
201811;9;"Antônio Bezerra";24;"AMC";955
201811;9;"Antônio Bezerra";25;"SDHDS";2514
201811;9;"Antônio Bezerra";27;"SEFIN";326
201811;9;"Antônio Bezerra";28;"PROCON";644
201811;9;"Antônio Bezerra";29;"ETUFOR";2365
201811;9;"Antônio Bezerra";30;"BRADESCO";5889
201811;9;"Antônio Bezerra";32;"SDE";70
201811;9;"Antônio Bezerra";36;"SECRETARIA DA SAUDE";780
201811;9;"Antônio Bezerra";37;"PEFOCE 2";347
201812;1;"Juazeiro do Norte";1;"PEFOCE";4248
201812;1;"Juazeiro do Norte";2;"DETRAN-HABILITAÇÃO";6588
201812;1;"Juazeiro do Norte";3;"SEFAZ";61
201812;1;"Juazeiro do Norte";4;"JUCEC";542
201812;1;"Juazeiro do Norte";5;"CENTRAL FÁCIL - CRC";14
201812;1;"Juazeiro do Norte";8;"SINE - IDT";2623
201812;1;"Juazeiro do Norte";9;"E-VAPT VUPT";1745
201812;1;"Juazeiro do Norte";11;"SRF";405
201812;1;"Juazeiro do Norte";13;"INSS";205
201812;1;"Juazeiro do Norte";15;"CAGECE";1928
201812;1;"Juazeiro do Norte";18;"AUTO ESCOLA";547
201812;1;"Juazeiro do Norte";19;"CENTRAL FÁCIL - SESCAP";29
201812;1;"Juazeiro do Norte";20;"SPS";462
201812;1;"Juazeiro do Norte";30;"BRADESCO";6687
201812;1;"Juazeiro do Norte";38;"CAIXA";2992
201812;2;"Messejana";1;"PEFOCE";8896
201812;2;"Messejana";2;"DETRAN-HABILITAÇÃO";5991
201812;2;"Messejana";3;"SEFAZ";198
201812;2;"Messejana";4;"JUCEC";200
201812;2;"Messejana";8;"SINE - IDT";3374
201812;2;"Messejana";9;"E-VAPT VUPT";3578
201812;2;"Messejana";11;"SRF";420
201812;2;"Messejana";13;"INSS";743
201812;2;"Messejana";14;"DPGE";311
201812;2;"Messejana";15;"CAGECE";5161
201812;2;"Messejana";20;"SPS";2704
201812;2;"Messejana";23;"TRE";3848
201812;2;"Messejana";24;"AMC";924
201812;2;"Messejana";25;"SDHDS";1903
201812;2;"Messejana";27;"SEFIN";420
201812;2;"Messejana";28;"PROCON";544
201812;2;"Messejana";29;"ETUFOR";2340
201812;2;"Messejana";30;"BRADESCO";7270
201812;2;"Messejana";32;"SDE";279
201812;2;"Messejana";36;"SECRETARIA DA SAUDE";460
201812;8;"Sobral";1;"PEFOCE";4369
201812;8;"Sobral";2;"DETRAN-HABILITAÇÃO";2546
201812;8;"Sobral";3;"SEFAZ";133
201812;8;"Sobral";4;"JUCEC";265
201812;8;"Sobral";8;"SINE - IDT";3973
201812;8;"Sobral";9;"E-VAPT VUPT";2121
201812;8;"Sobral";11;"SRF";215
201812;8;"Sobral";12;"ARCE";1
201812;8;"Sobral";13;"INSS";629
201812;8;"Sobral";14;"DPGE";103
201812;8;"Sobral";19;"CENTRAL FÁCIL - SESCAP";41
201812;8;"Sobral";20;"SPS";2027
201812;8;"Sobral";27;"SEFIN";215
201812;8;"Sobral";30;"BRADESCO";5246
201812;8;"Sobral";35;"SEUMA";162
201812;8;"Sobral";39;"SESEP";415
201812;8;"Sobral";40;"CMT";57
201812;8;"Sobral";41;"JUNTA MILITAR";463
201812;8;"Sobral";42;"VIGILANCIA SANITARIA";22
201812;8;"Sobral";43;"STDE";294
201812;8;"Sobral";44;"SAAE";163
201812;8;"Sobral";45;"AMA";2
201812;9;"Antônio Bezerra";1;"PEFOCE";13974
201812;9;"Antônio Bezerra";2;"DETRAN-HABILITAÇÃO";2500
201812;9;"Antônio Bezerra";4;"JUCEC";151
201812;9;"Antônio Bezerra";8;"SINE - IDT";4104
201812;9;"Antônio Bezerra";9;"E-VAPT VUPT";3346
201812;9;"Antônio Bezerra";11;"SRF";369
201812;9;"Antônio Bezerra";13;"INSS";89
201812;9;"Antônio Bezerra";15;"CAGECE";3980
201812;9;"Antônio Bezerra";19;"CENTRAL FÁCIL - SESCAP";44
201812;9;"Antônio Bezerra";20;"SPS";3353
201812;9;"Antônio Bezerra";23;"TRE";3140
201812;9;"Antônio Bezerra";24;"AMC";1009
201812;9;"Antônio Bezerra";25;"SDHDS";2209
201812;9;"Antônio Bezerra";27;"SEFIN";304
201812;9;"Antônio Bezerra";28;"PROCON";538
201812;9;"Antônio Bezerra";29;"ETUFOR";2696
201812;9;"Antônio Bezerra";30;"BRADESCO";5518
201812;9;"Antônio Bezerra";32;"SDE";52
201812;9;"Antônio Bezerra";36;"SECRETARIA DA SAUDE";468
201812;9;"Antônio Bezerra";37;"PEFOCE 2";258
201901;1;"Juazeiro do Norte";1;"PEFOCE";4579
201901;1;"Juazeiro do Norte";2;"DETRAN-HABILITAÇÃO";8529
201901;1;"Juazeiro do Norte";3;"SEFAZ";243
201901;1;"Juazeiro do Norte";4;"JUCEC";834
201901;1;"Juazeiro do Norte";5;"CENTRAL FÁCIL - CRC";6
201901;1;"Juazeiro do Norte";8;"SINE - IDT";3874
201901;1;"Juazeiro do Norte";9;"E-VAPT VUPT";2315
201901;1;"Juazeiro do Norte";11;"SRF";548
201901;1;"Juazeiro do Norte";12;"ARCE";1
201901;1;"Juazeiro do Norte";13;"INSS";530
201901;1;"Juazeiro do Norte";15;"CAGECE";2988
201901;1;"Juazeiro do Norte";18;"AUTO ESCOLA";656
201901;1;"Juazeiro do Norte";19;"CENTRAL FÁCIL - SESCAP";43
201901;1;"Juazeiro do Norte";20;"SPS";572
201901;1;"Juazeiro do Norte";30;"BRADESCO";7635
201901;1;"Juazeiro do Norte";38;"CAIXA";3637
201901;2;"Messejana";1;"PEFOCE";11670
201901;2;"Messejana";2;"DETRAN-HABILITAÇÃO";7563
201901;2;"Messejana";3;"SEFAZ";648
201901;2;"Messejana";4;"JUCEC";200
201901;2;"Messejana";8;"SINE - IDT";6389
201901;2;"Messejana";9;"E-VAPT VUPT";5655
201901;2;"Messejana";11;"SRF";899
201901;2;"Messejana";12;"ARCE";2
201901;2;"Messejana";13;"INSS";1054
201901;2;"Messejana";14;"DPGE";953
201901;2;"Messejana";15;"CAGECE";5553
201901;2;"Messejana";20;"SPS";3142
201901;2;"Messejana";23;"TRE";5878
201901;2;"Messejana";24;"AMC";1233
201901;2;"Messejana";25;"SDHDS";2441
201901;2;"Messejana";27;"SEFIN";732
201901;2;"Messejana";28;"PROCON";739
201901;2;"Messejana";29;"ETUFOR";4036
201901;2;"Messejana";30;"BRADESCO";8142
201901;2;"Messejana";32;"SDE";833
201901;2;"Messejana";36;"SECRETARIA DA SAUDE";539
201901;8;"Sobral";1;"PEFOCE";6077
201901;8;"Sobral";2;"DETRAN-HABILITAÇÃO";3552
201901;8;"Sobral";3;"SEFAZ";1157
201901;8;"Sobral";4;"JUCEC";329
201901;8;"Sobral";8;"SINE - IDT";6852
201901;8;"Sobral";9;"E-VAPT VUPT";3304
201901;8;"Sobral";11;"SRF";337
201901;8;"Sobral";13;"INSS";655
201901;8;"Sobral";14;"DPGE";87
201901;8;"Sobral";19;"CENTRAL FÁCIL - SESCAP";59
201901;8;"Sobral";20;"SPS";3467
201901;8;"Sobral";27;"SEFIN";329
201901;8;"Sobral";30;"BRADESCO";6264
201901;8;"Sobral";35;"SEUMA";344
201901;8;"Sobral";39;"SESEP";567
201901;8;"Sobral";40;"CMT";91
201901;8;"Sobral";41;"JUNTA MILITAR";865
201901;8;"Sobral";42;"VIGILANCIA SANITARIA";62
201901;8;"Sobral";43;"STDE";464
201901;8;"Sobral";44;"SAAE";254
201901;8;"Sobral";45;"AMA";13
201901;9;"Antônio Bezerra";1;"PEFOCE";16596
201901;9;"Antônio Bezerra";2;"DETRAN-HABILITAÇÃO";3391
201901;9;"Antônio Bezerra";4;"JUCEC";79
201901;9;"Antônio Bezerra";8;"SINE - IDT";8120
201901;9;"Antônio Bezerra";9;"E-VAPT VUPT";6326
201901;9;"Antônio Bezerra";11;"SRF";426
201901;9;"Antônio Bezerra";13;"INSS";112
201901;9;"Antônio Bezerra";15;"CAGECE";4561
201901;9;"Antônio Bezerra";19;"CENTRAL FÁCIL - SESCAP";43
201901;9;"Antônio Bezerra";20;"SPS";3571
201901;9;"Antônio Bezerra";23;"TRE";5154
201901;9;"Antônio Bezerra";24;"AMC";1230
201901;9;"Antônio Bezerra";25;"SDHDS";2520
201901;9;"Antônio Bezerra";27;"SEFIN";477
201901;9;"Antônio Bezerra";28;"PROCON";640
201901;9;"Antônio Bezerra";29;"ETUFOR";5104
201901;9;"Antônio Bezerra";30;"BRADESCO";6411
201901;9;"Antônio Bezerra";32;"SDE";86
201901;9;"Antônio Bezerra";36;"SECRETARIA DA SAUDE";817
201901;9;"Antônio Bezerra";37;"PEFOCE 2";383
201902;1;"Juazeiro do Norte";1;"PEFOCE";3436
201902;1;"Juazeiro do Norte";2;"DETRAN-HABILITAÇÃO";6639
201902;1;"Juazeiro do Norte";3;"SEFAZ";172
201902;1;"Juazeiro do Norte";4;"JUCEC";721
201902;1;"Juazeiro do Norte";8;"SINE - IDT";3393
201902;1;"Juazeiro do Norte";9;"E-VAPT VUPT";2039
201902;1;"Juazeiro do Norte";11;"SRF";408
201902;1;"Juazeiro do Norte";12;"ARCE";3
201902;1;"Juazeiro do Norte";13;"INSS";466
201902;1;"Juazeiro do Norte";15;"CAGECE";2669
201902;1;"Juazeiro do Norte";18;"AUTO ESCOLA";579
201902;1;"Juazeiro do Norte";19;"CENTRAL FÁCIL - SESCAP";21
201902;1;"Juazeiro do Norte";20;"SPS";365
201902;1;"Juazeiro do Norte";30;"BRADESCO";6274
201902;1;"Juazeiro do Norte";38;"CAIXA";3115
201902;2;"Messejana";1;"PEFOCE";9678
201902;2;"Messejana";2;"DETRAN-HABILITAÇÃO";5671
201902;2;"Messejana";3;"SEFAZ";457
201902;2;"Messejana";4;"JUCEC";234
201902;2;"Messejana";8;"SINE - IDT";6231
201902;2;"Messejana";9;"E-VAPT VUPT";5336
201902;2;"Messejana";11;"SRF";869
201902;2;"Messejana";13;"INSS";1055
201902;2;"Messejana";14;"DPGE";1054
201902;2;"Messejana";15;"CAGECE";6064
201902;2;"Messejana";20;"SPS";2866
201902;2;"Messejana";23;"TRE";5671
201902;2;"Messejana";24;"AMC";932
201902;2;"Messejana";25;"SDHDS";2329
201902;2;"Messejana";27;"SEFIN";821
201902;2;"Messejana";28;"PROCON";650
201902;2;"Messejana";29;"ETUFOR";5032
201902;2;"Messejana";30;"BRADESCO";7112
201902;2;"Messejana";32;"SDE";771
201902;2;"Messejana";36;"SECRETARIA DA SAUDE";251
201902;8;"Sobral";1;"PEFOCE";5542
201902;8;"Sobral";2;"DETRAN-HABILITAÇÃO";2848
201902;8;"Sobral";3;"SEFAZ";507
201902;8;"Sobral";4;"JUCEC";378
201902;8;"Sobral";8;"SINE - IDT";5714
201902;8;"Sobral";9;"E-VAPT VUPT";3095
201902;8;"Sobral";11;"SRF";378
201902;8;"Sobral";13;"INSS";769
201902;8;"Sobral";14;"DPGE";37
201902;8;"Sobral";19;"CENTRAL FÁCIL - SESCAP";70
201902;8;"Sobral";20;"SPS";2273
201902;8;"Sobral";27;"SEFIN";291
201902;8;"Sobral";30;"BRADESCO";5892
201902;8;"Sobral";35;"SEUMA";300
201902;8;"Sobral";39;"SESEP";473
201902;8;"Sobral";40;"CMT";87
201902;8;"Sobral";41;"JUNTA MILITAR";779
201902;8;"Sobral";42;"VIGILANCIA SANITARIA";27
201902;8;"Sobral";43;"STDE";552
201902;8;"Sobral";44;"SAAE";141
201902;8;"Sobral";45;"AMA";1
201902;9;"Antônio Bezerra";1;"PEFOCE";14043
201902;9;"Antônio Bezerra";2;"DETRAN-HABILITAÇÃO";2930
201902;9;"Antônio Bezerra";3;"SEFAZ";1
201902;9;"Antônio Bezerra";4;"JUCEC";135
201902;9;"Antônio Bezerra";8;"SINE - IDT";7447
201902;9;"Antônio Bezerra";9;"E-VAPT VUPT";5720
201902;9;"Antônio Bezerra";11;"SRF";238
201902;9;"Antônio Bezerra";12;"ARCE";1
201902;9;"Antônio Bezerra";13;"INSS";102
201902;9;"Antônio Bezerra";15;"CAGECE";4615
201902;9;"Antônio Bezerra";19;"CENTRAL FÁCIL - SESCAP";50
201902;9;"Antônio Bezerra";20;"SPS";2893
201902;9;"Antônio Bezerra";23;"TRE";5089
201902;9;"Antônio Bezerra";24;"AMC";1067
201902;9;"Antônio Bezerra";25;"SDHDS";2488
201902;9;"Antônio Bezerra";27;"SEFIN";504
201902;9;"Antônio Bezerra";28;"PROCON";714
201902;9;"Antônio Bezerra";29;"ETUFOR";5548
201902;9;"Antônio Bezerra";30;"BRADESCO";5749
201902;9;"Antônio Bezerra";32;"SDE";103
201902;9;"Antônio Bezerra";36;"SECRETARIA DA SAUDE";225
201902;9;"Antônio Bezerra";37;"PEFOCE 2";338
201903;1;"Juazeiro do Norte";1;"PEFOCE";3029
201903;1;"Juazeiro do Norte";2;"DETRAN-HABILITAÇÃO";5495
201903;1;"Juazeiro do Norte";3;"SEFAZ";77
201903;1;"Juazeiro do Norte";4;"JUCEC";415
201903;1;"Juazeiro do Norte";8;"SINE - IDT";2959
201903;1;"Juazeiro do Norte";9;"E-VAPT VUPT";2112
201903;1;"Juazeiro do Norte";11;"SRF";357
201903;1;"Juazeiro do Norte";12;"ARCE";2
201903;1;"Juazeiro do Norte";13;"INSS";234
201903;1;"Juazeiro do Norte";15;"CAGECE";2082
201903;1;"Juazeiro do Norte";18;"AUTO ESCOLA";457
201903;1;"Juazeiro do Norte";19;"CENTRAL FÁCIL - SESCAP";16
201903;1;"Juazeiro do Norte";20;"SPS";293
201903;1;"Juazeiro do Norte";30;"BRADESCO";5037
201903;1;"Juazeiro do Norte";38;"CAIXA";2645
201903;2;"Messejana";1;"PEFOCE";8188
201903;2;"Messejana";2;"DETRAN-HABILITAÇÃO";4736
201903;2;"Messejana";3;"SEFAZ";276
201903;2;"Messejana";4;"JUCEC";167
201903;2;"Messejana";8;"SINE - IDT";4280
201903;2;"Messejana";9;"E-VAPT VUPT";3580
201903;2;"Messejana";11;"SRF";736
201903;2;"Messejana";13;"INSS";901
201903;2;"Messejana";14;"DPGE";818
201903;2;"Messejana";15;"CAGECE";4663
201903;2;"Messejana";20;"SPS";2517
201903;2;"Messejana";23;"TRE";4953
201903;2;"Messejana";24;"AMC";659
201903;2;"Messejana";25;"SDHDS";2115
201903;2;"Messejana";27;"SEFIN";453
201903;2;"Messejana";28;"PROCON";589
201903;2;"Messejana";29;"ETUFOR";3926
201903;2;"Messejana";30;"BRADESCO";5914
201903;2;"Messejana";32;"SDE";490
201903;8;"Sobral";1;"PEFOCE";4087
201903;8;"Sobral";2;"DETRAN-HABILITAÇÃO";2383
201903;8;"Sobral";3;"SEFAZ";281
201903;8;"Sobral";4;"JUCEC";177
201903;8;"Sobral";8;"SINE - IDT";4263
201903;8;"Sobral";9;"E-VAPT VUPT";2352
201903;8;"Sobral";11;"SRF";488
201903;8;"Sobral";13;"INSS";649
201903;8;"Sobral";14;"DPGE";27
201903;8;"Sobral";19;"CENTRAL FÁCIL - SESCAP";105
201903;8;"Sobral";20;"SPS";1519
201903;8;"Sobral";27;"SEFIN";282
201903;8;"Sobral";30;"BRADESCO";4534
201903;8;"Sobral";35;"SEUMA";244
201903;8;"Sobral";39;"SESEP";470
201903;8;"Sobral";40;"CMT";34
201903;8;"Sobral";41;"JUNTA MILITAR";516
201903;8;"Sobral";42;"VIGILANCIA SANITARIA";40
201903;8;"Sobral";43;"STDE";285
201903;8;"Sobral";44;"SAAE";113
201903;8;"Sobral";45;"AMA";4
201903;9;"Antônio Bezerra";1;"PEFOCE";10669
201903;9;"Antônio Bezerra";2;"DETRAN-HABILITAÇÃO";2145
201903;9;"Antônio Bezerra";3;"SEFAZ";1
201903;9;"Antônio Bezerra";4;"JUCEC";89
201903;9;"Antônio Bezerra";8;"SINE - IDT";5068
201903;9;"Antônio Bezerra";9;"E-VAPT VUPT";4514
201903;9;"Antônio Bezerra";11;"SRF";195
201903;9;"Antônio Bezerra";12;"ARCE";1
201903;9;"Antônio Bezerra";13;"INSS";82
201903;9;"Antônio Bezerra";15;"CAGECE";3656
201903;9;"Antônio Bezerra";19;"CENTRAL FÁCIL - SESCAP";51
201903;9;"Antônio Bezerra";20;"SPS";2431
201903;9;"Antônio Bezerra";23;"TRE";3560
201903;9;"Antônio Bezerra";24;"AMC";805
201903;9;"Antônio Bezerra";25;"SDHDS";2078
201903;9;"Antônio Bezerra";27;"SEFIN";270
201903;9;"Antônio Bezerra";28;"PROCON";688
201903;9;"Antônio Bezerra";29;"ETUFOR";4661
201903;9;"Antônio Bezerra";30;"BRADESCO";4946
201903;9;"Antônio Bezerra";32;"SDE";68
201903;9;"Antônio Bezerra";37;"PEFOCE 2";252
201904;1;"Juazeiro do Norte";1;"PEFOCE";3890
201904;1;"Juazeiro do Norte";2;"DETRAN-HABILITAÇÃO";6556
201904;1;"Juazeiro do Norte";3;"SEFAZ";82
201904;1;"Juazeiro do Norte";4;"JUCEC";306
201904;1;"Juazeiro do Norte";8;"SINE - IDT";3495
201904;1;"Juazeiro do Norte";9;"E-VAPT VUPT";2939
201904;1;"Juazeiro do Norte";11;"SRF";461
201904;1;"Juazeiro do Norte";12;"ARCE";1
201904;1;"Juazeiro do Norte";13;"INSS";11
201904;1;"Juazeiro do Norte";15;"CAGECE";2604
201904;1;"Juazeiro do Norte";18;"AUTO ESCOLA";334
201904;1;"Juazeiro do Norte";19;"CENTRAL FÁCIL - SESCAP";34
201904;1;"Juazeiro do Norte";20;"SPS";342
201904;1;"Juazeiro do Norte";30;"BRADESCO";5571
201904;1;"Juazeiro do Norte";38;"CAIXA";2800
201904;2;"Messejana";1;"PEFOCE";10154
201904;2;"Messejana";2;"DETRAN-HABILITAÇÃO";6015
201904;2;"Messejana";3;"SEFAZ";587
201904;2;"Messejana";4;"JUCEC";124
201904;2;"Messejana";8;"SINE - IDT";4862
201904;2;"Messejana";9;"E-VAPT VUPT";4227
201904;2;"Messejana";11;"SRF";989
201904;2;"Messejana";13;"INSS";1032
201904;2;"Messejana";14;"DPGE";1044
201904;2;"Messejana";15;"CAGECE";6111
201904;2;"Messejana";20;"SPS";2913
201904;2;"Messejana";23;"TRE";6799
201904;2;"Messejana";24;"AMC";908
201904;2;"Messejana";25;"SDHDS";2539
201904;2;"Messejana";27;"SEFIN";524
201904;2;"Messejana";28;"PROCON";678
201904;2;"Messejana";29;"ETUFOR";5419
201904;2;"Messejana";30;"BRADESCO";5845
201904;2;"Messejana";32;"SDE";662
201904;8;"Sobral";1;"PEFOCE";5359
201904;8;"Sobral";2;"DETRAN-HABILITAÇÃO";2646
201904;8;"Sobral";3;"SEFAZ";229
201904;8;"Sobral";4;"JUCEC";113
201904;8;"Sobral";8;"SINE - IDT";5089
201904;8;"Sobral";9;"E-VAPT VUPT";3383
201904;8;"Sobral";10;"CGE";2
201904;8;"Sobral";11;"SRF";705
201904;8;"Sobral";13;"INSS";696
201904;8;"Sobral";19;"CENTRAL FÁCIL - SESCAP";118
201904;8;"Sobral";20;"SPS";2082
201904;8;"Sobral";27;"SEFIN";293
201904;8;"Sobral";30;"BRADESCO";4795
201904;8;"Sobral";35;"SEUMA";342
201904;8;"Sobral";39;"SESEP";501
201904;8;"Sobral";40;"CMT";76
201904;8;"Sobral";41;"JUNTA MILITAR";725
201904;8;"Sobral";42;"VIGILANCIA SANITARIA";29
201904;8;"Sobral";43;"STDE";351
201904;8;"Sobral";44;"SAAE";154
201904;8;"Sobral";45;"AMA";2
201904;9;"Antônio Bezerra";1;"PEFOCE";13445
201904;9;"Antônio Bezerra";2;"DETRAN-HABILITAÇÃO";2689
201904;9;"Antônio Bezerra";3;"SEFAZ";6
201904;9;"Antônio Bezerra";4;"JUCEC";47
201904;9;"Antônio Bezerra";8;"SINE - IDT";6872
201904;9;"Antônio Bezerra";9;"E-VAPT VUPT";6303
201904;9;"Antônio Bezerra";11;"SRF";118
201904;9;"Antônio Bezerra";13;"INSS";46
201904;9;"Antônio Bezerra";15;"CAGECE";5119
201904;9;"Antônio Bezerra";19;"CENTRAL FÁCIL - SESCAP";40
201904;9;"Antônio Bezerra";20;"SPS";3125
201904;9;"Antônio Bezerra";23;"TRE";5278
201904;9;"Antônio Bezerra";24;"AMC";968
201904;9;"Antônio Bezerra";25;"SDHDS";2572
201904;9;"Antônio Bezerra";27;"SEFIN";301
201904;9;"Antônio Bezerra";28;"PROCON";749
201904;9;"Antônio Bezerra";29;"ETUFOR";5856
201904;9;"Antônio Bezerra";30;"BRADESCO";5166
201904;9;"Antônio Bezerra";32;"SDE";97
201904;9;"Antônio Bezerra";37;"PEFOCE 2";278
201905;1;"Juazeiro do Norte";1;"PEFOCE";3929
201905;1;"Juazeiro do Norte";2;"DETRAN-HABILITAÇÃO";5714
201905;1;"Juazeiro do Norte";3;"SEFAZ";64
201905;1;"Juazeiro do Norte";4;"JUCEC";159
201905;1;"Juazeiro do Norte";8;"SINE - IDT";3519
201905;1;"Juazeiro do Norte";9;"E-VAPT VUPT";3220
201905;1;"Juazeiro do Norte";11;"SRF";599
201905;1;"Juazeiro do Norte";12;"ARCE";3
201905;1;"Juazeiro do Norte";15;"CAGECE";2978
201905;1;"Juazeiro do Norte";18;"AUTO ESCOLA";167
201905;1;"Juazeiro do Norte";19;"CENTRAL FÁCIL - SESCAP";38
201905;1;"Juazeiro do Norte";20;"SPS";303
201905;1;"Juazeiro do Norte";30;"BRADESCO";5557
201905;1;"Juazeiro do Norte";38;"CAIXA";2697
201905;2;"Messejana";1;"PEFOCE";9964
201905;2;"Messejana";2;"DETRAN-HABILITAÇÃO";5384
201905;2;"Messejana";3;"SEFAZ";490
201905;2;"Messejana";4;"JUCEC";41
201905;2;"Messejana";8;"SINE - IDT";4887
201905;2;"Messejana";9;"E-VAPT VUPT";4851
201905;2;"Messejana";11;"SRF";1060
201905;2;"Messejana";13;"INSS";1031
201905;2;"Messejana";14;"DPGE";887
201905;2;"Messejana";15;"CAGECE";6952
201905;2;"Messejana";20;"SPS";3392
201905;2;"Messejana";23;"TRE";9208
201905;2;"Messejana";24;"AMC";1039
201905;2;"Messejana";25;"SDHDS";2815
201905;2;"Messejana";27;"SEFIN";579
201905;2;"Messejana";28;"PROCON";708
201905;2;"Messejana";29;"ETUFOR";7325
201905;2;"Messejana";30;"BRADESCO";6237
201905;2;"Messejana";32;"SDE";583
201905;8;"Sobral";1;"PEFOCE";5646
201905;8;"Sobral";2;"DETRAN-HABILITAÇÃO";3005
201905;8;"Sobral";3;"SEFAZ";210
201905;8;"Sobral";4;"JUCEC";78
201905;8;"Sobral";8;"SINE - IDT";5156
201905;8;"Sobral";9;"E-VAPT VUPT";3658
201905;8;"Sobral";11;"SRF";838
201905;8;"Sobral";13;"INSS";605
201905;8;"Sobral";19;"CENTRAL FÁCIL - SESCAP";92
201905;8;"Sobral";20;"SPS";2203
201905;8;"Sobral";27;"SEFIN";286
201905;8;"Sobral";30;"BRADESCO";4822
201905;8;"Sobral";35;"SEUMA";379
201905;8;"Sobral";39;"SESEP";442
201905;8;"Sobral";40;"CMT";87
201905;8;"Sobral";41;"JUNTA MILITAR";776
201905;8;"Sobral";42;"VIGILANCIA SANITARIA";38
201905;8;"Sobral";43;"STDE";489
201905;8;"Sobral";44;"SAAE";157
201905;8;"Sobral";45;"AMA";6
201905;9;"Antônio Bezerra";1;"PEFOCE";14556
201905;9;"Antônio Bezerra";2;"DETRAN-HABILITAÇÃO";2647
201905;9;"Antônio Bezerra";3;"SEFAZ";2
201905;9;"Antônio Bezerra";4;"JUCEC";17
201905;9;"Antônio Bezerra";8;"SINE - IDT";7270
201905;9;"Antônio Bezerra";9;"E-VAPT VUPT";7313
201905;9;"Antônio Bezerra";11;"SRF";147
201905;9;"Antônio Bezerra";12;"ARCE";4
201905;9;"Antônio Bezerra";13;"INSS";167
201905;9;"Antônio Bezerra";15;"CAGECE";6309
201905;9;"Antônio Bezerra";19;"CENTRAL FÁCIL - SESCAP";75
201905;9;"Antônio Bezerra";20;"SPS";3312
201905;9;"Antônio Bezerra";23;"TRE";7542
201905;9;"Antônio Bezerra";24;"AMC";1068
201905;9;"Antônio Bezerra";25;"SDHDS";2699
201905;9;"Antônio Bezerra";27;"SEFIN";429
201905;9;"Antônio Bezerra";28;"PROCON";825
201905;9;"Antônio Bezerra";29;"ETUFOR";6541
201905;9;"Antônio Bezerra";30;"BRADESCO";5562
201905;9;"Antônio Bezerra";32;"SDE";84
201905;9;"Antônio Bezerra";36;"SECRETARIA DA SAUDE";1
201905;9;"Antônio Bezerra";37;"PEFOCE 2";277
201906;1;"Juazeiro do Norte";1;"PEFOCE";3171
201906;1;"Juazeiro do Norte";2;"DETRAN-HABILITAÇÃO";5211
201906;1;"Juazeiro do Norte";3;"SEFAZ";79
201906;1;"Juazeiro do Norte";4;"JUCEC";105
201906;1;"Juazeiro do Norte";8;"SINE - IDT";3490
201906;1;"Juazeiro do Norte";9;"E-VAPT VUPT";2530
201906;1;"Juazeiro do Norte";11;"SRF";562
201906;1;"Juazeiro do Norte";12;"ARCE";1
201906;1;"Juazeiro do Norte";15;"CAGECE";2155
201906;1;"Juazeiro do Norte";19;"CENTRAL FÁCIL - SESCAP";3
201906;1;"Juazeiro do Norte";20;"SPS";204
201906;1;"Juazeiro do Norte";30;"BRADESCO";4559
201906;1;"Juazeiro do Norte";38;"CAIXA";2163
201906;2;"Messejana";1;"PEFOCE";8119
201906;2;"Messejana";2;"DETRAN-HABILITAÇÃO";5469
201906;2;"Messejana";3;"SEFAZ";527
201906;2;"Messejana";8;"SINE - IDT";4341
201906;2;"Messejana";9;"E-VAPT VUPT";3467
201906;2;"Messejana";11;"SRF";770
201906;2;"Messejana";12;"ARCE";1
201906;2;"Messejana";13;"INSS";632
201906;2;"Messejana";14;"DPGE";691
201906;2;"Messejana";15;"CAGECE";5907
201906;2;"Messejana";20;"SPS";2163
201906;2;"Messejana";23;"TRE";6309
201906;2;"Messejana";24;"AMC";919
201906;2;"Messejana";25;"SDHDS";2298
201906;2;"Messejana";27;"SEFIN";400
201906;2;"Messejana";28;"PROCON";767
201906;2;"Messejana";29;"ETUFOR";6594
201906;2;"Messejana";30;"BRADESCO";6388
201906;2;"Messejana";32;"SDE";337
201906;2;"Messejana";36;"SECRETARIA DA SAUDE";499
201906;8;"Sobral";1;"PEFOCE";4471
201906;8;"Sobral";2;"DETRAN-HABILITAÇÃO";2651
201906;8;"Sobral";3;"SEFAZ";148
201906;8;"Sobral";4;"JUCEC";54
201906;8;"Sobral";8;"SINE - IDT";3867
201906;8;"Sobral";9;"E-VAPT VUPT";2896
201906;8;"Sobral";11;"SRF";474
201906;8;"Sobral";13;"INSS";934
201906;8;"Sobral";19;"CENTRAL FÁCIL - SESCAP";7
201906;8;"Sobral";20;"SPS";1211
201906;8;"Sobral";27;"SEFIN";255
201906;8;"Sobral";30;"BRADESCO";3966
201906;8;"Sobral";35;"SEUMA";511
201906;8;"Sobral";39;"SESEP";316
201906;8;"Sobral";40;"CMT";71
201906;8;"Sobral";41;"JUNTA MILITAR";594
201906;8;"Sobral";42;"VIGILANCIA SANITARIA";37
201906;8;"Sobral";43;"STDE";338
201906;8;"Sobral";44;"SAAE";126
201906;8;"Sobral";45;"AMA";7
201906;9;"Antônio Bezerra";1;"PEFOCE";12555
201906;9;"Antônio Bezerra";2;"DETRAN-HABILITAÇÃO";2076
201906;9;"Antônio Bezerra";4;"JUCEC";3
201906;9;"Antônio Bezerra";8;"SINE - IDT";6210
201906;9;"Antônio Bezerra";9;"E-VAPT VUPT";5462
201906;9;"Antônio Bezerra";11;"SRF";102
201906;9;"Antônio Bezerra";13;"INSS";111
201906;9;"Antônio Bezerra";15;"CAGECE";4770
201906;9;"Antônio Bezerra";19;"CENTRAL FÁCIL - SESCAP";9
201906;9;"Antônio Bezerra";20;"SPS";2417
201906;9;"Antônio Bezerra";23;"TRE";4846
201906;9;"Antônio Bezerra";24;"AMC";912
201906;9;"Antônio Bezerra";25;"SDHDS";2079
201906;9;"Antônio Bezerra";27;"SEFIN";282
201906;9;"Antônio Bezerra";28;"PROCON";622
201906;9;"Antônio Bezerra";29;"ETUFOR";6181
201906;9;"Antônio Bezerra";30;"BRADESCO";4621
201906;9;"Antônio Bezerra";32;"SDE";44
201906;9;"Antônio Bezerra";36;"SECRETARIA DA SAUDE";520
201906;9;"Antônio Bezerra";37;"PEFOCE 2";143
201907;1;"Juazeiro do Norte";1;"PEFOCE";3848
201907;1;"Juazeiro do Norte";2;"DETRAN-HABILITAÇÃO";7440
201907;1;"Juazeiro do Norte";3;"SEFAZ";62
201907;1;"Juazeiro do Norte";4;"JUCEC";72
201907;1;"Juazeiro do Norte";8;"SINE - IDT";4724
201907;1;"Juazeiro do Norte";9;"E-VAPT VUPT";3130
201907;1;"Juazeiro do Norte";11;"SRF";743
201907;1;"Juazeiro do Norte";12;"ARCE";4
201907;1;"Juazeiro do Norte";15;"CAGECE";3361
201907;1;"Juazeiro do Norte";20;"SPS";402
201907;1;"Juazeiro do Norte";30;"BRADESCO";5900
201907;1;"Juazeiro do Norte";38;"CAIXA";2542
201907;1;"Juazeiro do Norte";47;"POLICIA FEDERAL";34
201907;2;"Messejana";1;"PEFOCE";10793
201907;2;"Messejana";2;"DETRAN-HABILITAÇÃO";6487
201907;2;"Messejana";3;"SEFAZ";670
201907;2;"Messejana";8;"SINE - IDT";6319
201907;2;"Messejana";9;"E-VAPT VUPT";4403
201907;2;"Messejana";11;"SRF";992
201907;2;"Messejana";13;"INSS";599
201907;2;"Messejana";14;"DPGE";846
201907;2;"Messejana";15;"CAGECE";6899
201907;2;"Messejana";20;"SPS";3100
201907;2;"Messejana";23;"TRE";9892
201907;2;"Messejana";24;"AMC";866
201907;2;"Messejana";25;"SDHDS";3488
201907;2;"Messejana";27;"SEFIN";573
201907;2;"Messejana";28;"PROCON";968
201907;2;"Messejana";29;"ETUFOR";9046
201907;2;"Messejana";30;"BRADESCO";7696
201907;2;"Messejana";32;"SDE";631
201907;2;"Messejana";36;"SECRETARIA DA SAUDE";422
201907;8;"Sobral";1;"PEFOCE";6434
201907;8;"Sobral";2;"DETRAN-HABILITAÇÃO";3394
201907;8;"Sobral";3;"SEFAZ";122
201907;8;"Sobral";4;"JUCEC";46
201907;8;"Sobral";8;"SINE - IDT";5031
201907;8;"Sobral";9;"E-VAPT VUPT";3639
201907;8;"Sobral";11;"SRF";684
201907;8;"Sobral";13;"INSS";892
201907;8;"Sobral";20;"SPS";2156
201907;8;"Sobral";27;"SEFIN";365
201907;8;"Sobral";30;"BRADESCO";4604
201907;8;"Sobral";35;"SEUMA";422
201907;8;"Sobral";39;"SESEP";361
201907;8;"Sobral";40;"CMT";94
201907;8;"Sobral";41;"JUNTA MILITAR";720
201907;8;"Sobral";42;"VIGILANCIA SANITARIA";34
201907;8;"Sobral";43;"STDE";349
201907;8;"Sobral";44;"SAAE";136
201907;8;"Sobral";45;"AMA";65
201907;9;"Antônio Bezerra";1;"PEFOCE";16035
201907;9;"Antônio Bezerra";2;"DETRAN-HABILITAÇÃO";2706
201907;9;"Antônio Bezerra";4;"JUCEC";8
201907;9;"Antônio Bezerra";8;"SINE - IDT";9077
201907;9;"Antônio Bezerra";9;"E-VAPT VUPT";7525
201907;9;"Antônio Bezerra";11;"SRF";365
201907;9;"Antônio Bezerra";13;"INSS";132
201907;9;"Antônio Bezerra";15;"CAGECE";5949
201907;9;"Antônio Bezerra";19;"CENTRAL FÁCIL - SESCAP";4
201907;9;"Antônio Bezerra";20;"SPS";3112
201907;9;"Antônio Bezerra";23;"TRE";7181
201907;9;"Antônio Bezerra";24;"AMC";863
201907;9;"Antônio Bezerra";25;"SDHDS";2752
201907;9;"Antônio Bezerra";27;"SEFIN";350
201907;9;"Antônio Bezerra";28;"PROCON";787
201907;9;"Antônio Bezerra";29;"ETUFOR";5911
201907;9;"Antônio Bezerra";30;"BRADESCO";5068
201907;9;"Antônio Bezerra";32;"SDE";148
201907;9;"Antônio Bezerra";36;"SECRETARIA DA SAUDE";299
201907;9;"Antônio Bezerra";37;"PEFOCE 2";70
201908;1;"Juazeiro do Norte";1;"PEFOCE";3893
201908;1;"Juazeiro do Norte";2;"DETRAN-HABILITAÇÃO";6222
201908;1;"Juazeiro do Norte";3;"SEFAZ";70
201908;1;"Juazeiro do Norte";4;"JUCEC";8
201908;1;"Juazeiro do Norte";8;"SINE - IDT";4807
201908;1;"Juazeiro do Norte";9;"E-VAPT VUPT";3147
201908;1;"Juazeiro do Norte";11;"SRF";664
201908;1;"Juazeiro do Norte";12;"ARCE";3
201908;1;"Juazeiro do Norte";15;"CAGECE";2966
201908;1;"Juazeiro do Norte";20;"SPS";301
201908;1;"Juazeiro do Norte";30;"BRADESCO";5299
201908;1;"Juazeiro do Norte";38;"CAIXA";2663
201908;1;"Juazeiro do Norte";47;"POLICIA FEDERAL";21
201908;2;"Messejana";1;"PEFOCE";9438
201908;2;"Messejana";2;"DETRAN-HABILITAÇÃO";5793
201908;2;"Messejana";3;"SEFAZ";541
201908;2;"Messejana";8;"SINE - IDT";5250
201908;2;"Messejana";9;"E-VAPT VUPT";3571
201908;2;"Messejana";11;"SRF";901
201908;2;"Messejana";13;"INSS";443
201908;2;"Messejana";14;"DPGE";787
201908;2;"Messejana";15;"CAGECE";6333
201908;2;"Messejana";20;"SPS";2144
201908;2;"Messejana";23;"TRE";9492
201908;2;"Messejana";24;"AMC";743
201908;2;"Messejana";25;"SDHDS";3085
201908;2;"Messejana";27;"SEFIN";496
201908;2;"Messejana";28;"PROCON";842
201908;2;"Messejana";29;"ETUFOR";8242
201908;2;"Messejana";30;"BRADESCO";7127
201908;2;"Messejana";32;"SDE";545
201908;2;"Messejana";36;"SECRETARIA DA SAUDE";388
201908;8;"Sobral";1;"PEFOCE";5847
201908;8;"Sobral";2;"DETRAN-HABILITAÇÃO";2587
201908;8;"Sobral";4;"JUCEC";20
201908;8;"Sobral";8;"SINE - IDT";4848
201908;8;"Sobral";9;"E-VAPT VUPT";3779
201908;8;"Sobral";11;"SRF";555
201908;8;"Sobral";13;"INSS";752
201908;8;"Sobral";20;"SPS";1699
201908;8;"Sobral";27;"SEFIN";274
201908;8;"Sobral";30;"BRADESCO";4047
201908;8;"Sobral";35;"SEUMA";341
201908;8;"Sobral";39;"SESEP";422
201908;8;"Sobral";40;"CMT";115
201908;8;"Sobral";41;"JUNTA MILITAR";577
201908;8;"Sobral";42;"VIGILANCIA SANITARIA";22
201908;8;"Sobral";43;"STDE";381
201908;8;"Sobral";44;"SAAE";162
201908;8;"Sobral";45;"AMA";52
201908;9;"Antônio Bezerra";1;"PEFOCE";13907
201908;9;"Antônio Bezerra";2;"DETRAN-HABILITAÇÃO";2462
201908;9;"Antônio Bezerra";4;"JUCEC";15
201908;9;"Antônio Bezerra";8;"SINE - IDT";7663
201908;9;"Antônio Bezerra";9;"E-VAPT VUPT";5696
201908;9;"Antônio Bezerra";11;"SRF";161
201908;9;"Antônio Bezerra";12;"ARCE";1
201908;9;"Antônio Bezerra";13;"INSS";42
201908;9;"Antônio Bezerra";15;"CAGECE";5029
201908;9;"Antônio Bezerra";19;"CENTRAL FÁCIL - SESCAP";2
201908;9;"Antônio Bezerra";20;"SPS";2304
201908;9;"Antônio Bezerra";23;"TRE";7713
201908;9;"Antônio Bezerra";24;"AMC";734
201908;9;"Antônio Bezerra";25;"SDHDS";2848
201908;9;"Antônio Bezerra";27;"SEFIN";305
201908;9;"Antônio Bezerra";28;"PROCON";811
201908;9;"Antônio Bezerra";29;"ETUFOR";4503
201908;9;"Antônio Bezerra";30;"BRADESCO";4867
201908;9;"Antônio Bezerra";32;"SDE";196
201908;9;"Antônio Bezerra";36;"SECRETARIA DA SAUDE";344
201908;9;"Antônio Bezerra";37;"PEFOCE 2";250
201909;1;"Juazeiro do Norte";1;"PEFOCE";3670
201909;1;"Juazeiro do Norte";2;"DETRAN-HABILITAÇÃO";6205
201909;1;"Juazeiro do Norte";3;"SEFAZ";60
201909;1;"Juazeiro do Norte";8;"SINE - IDT";4710
201909;1;"Juazeiro do Norte";9;"E-VAPT VUPT";2586
201909;1;"Juazeiro do Norte";11;"SRF";986
201909;1;"Juazeiro do Norte";12;"ARCE";7
201909;1;"Juazeiro do Norte";15;"CAGECE";2571
201909;1;"Juazeiro do Norte";20;"SPS";264
201909;1;"Juazeiro do Norte";30;"BRADESCO";5383
201909;2;"Messejana";1;"PEFOCE";8882
201909;2;"Messejana";2;"DETRAN-HABILITAÇÃO";5729
201909;2;"Messejana";3;"SEFAZ";553
201909;2;"Messejana";8;"SINE - IDT";4942
201909;2;"Messejana";9;"E-VAPT VUPT";3845
201909;2;"Messejana";11;"SRF";903
201909;2;"Messejana";13;"INSS";359
201909;2;"Messejana";14;"DPGE";771
201909;2;"Messejana";15;"CAGECE";6728
201909;2;"Messejana";20;"SPS";2148
201909;2;"Messejana";23;"TRE";13315
201909;2;"Messejana";24;"AMC";902
201909;2;"Messejana";25;"SDHDS";3188
201909;2;"Messejana";27;"SEFIN";471
201909;2;"Messejana";28;"PROCON";859
201909;2;"Messejana";29;"ETUFOR";6640
201909;2;"Messejana";30;"BRADESCO";7418
201909;2;"Messejana";32;"SDE";528
201909;2;"Messejana";36;"SECRETARIA DA SAUDE";446
201909;8;"Sobral";1;"PEFOCE";5580
201909;8;"Sobral";2;"DETRAN-HABILITAÇÃO";2696
201909;8;"Sobral";3;"SEFAZ";96
201909;8;"Sobral";4;"JUCEC";23
201909;8;"Sobral";8;"SINE - IDT";4573
201909;8;"Sobral";9;"E-VAPT VUPT";3096
201909;8;"Sobral";11;"SRF";585
201909;8;"Sobral";13;"INSS";766
201909;8;"Sobral";20;"SPS";1485
201909;8;"Sobral";27;"SEFIN";259
201909;8;"Sobral";30;"BRADESCO";4330
201909;8;"Sobral";35;"SEUMA";295
201909;8;"Sobral";39;"SESEP";382
201909;8;"Sobral";40;"CMT";83
201909;8;"Sobral";41;"JUNTA MILITAR";506
201909;8;"Sobral";42;"VIGILANCIA SANITARIA";21
201909;8;"Sobral";43;"STDE";347
201909;8;"Sobral";44;"SAAE";151
201909;8;"Sobral";45;"AMA";27
201909;9;"Antônio Bezerra";1;"PEFOCE";14188
201909;9;"Antônio Bezerra";2;"DETRAN-HABILITAÇÃO";2671
201909;9;"Antônio Bezerra";4;"JUCEC";11
201909;9;"Antônio Bezerra";8;"SINE - IDT";7657
201909;9;"Antônio Bezerra";9;"E-VAPT VUPT";5782
201909;9;"Antônio Bezerra";11;"SRF";400
201909;9;"Antônio Bezerra";13;"INSS";196
201909;9;"Antônio Bezerra";15;"CAGECE";5353
201909;9;"Antônio Bezerra";20;"SPS";2161
201909;9;"Antônio Bezerra";23;"TRE";9721
201909;9;"Antônio Bezerra";24;"AMC";934
201909;9;"Antônio Bezerra";25;"SDHDS";2765
201909;9;"Antônio Bezerra";27;"SEFIN";263
201909;9;"Antônio Bezerra";28;"PROCON";915
201909;9;"Antônio Bezerra";29;"ETUFOR";4138
201909;9;"Antônio Bezerra";30;"BRADESCO";5285
201909;9;"Antônio Bezerra";32;"SDE";156
201909;9;"Antônio Bezerra";36;"SECRETARIA DA SAUDE";294
201909;9;"Antônio Bezerra";37;"PEFOCE 2";86
201910;1;"Juazeiro do Norte";1;"PEFOCE";3956
201910;1;"Juazeiro do Norte";2;"DETRAN-HABILITAÇÃO";6575
201910;1;"Juazeiro do Norte";3;"SEFAZ";46
201910;1;"Juazeiro do Norte";4;"JUCEC";6
201910;1;"Juazeiro do Norte";8;"SINE - IDT";4011
201910;1;"Juazeiro do Norte";9;"E-VAPT VUPT";2658
201910;1;"Juazeiro do Norte";11;"SRF";900
201910;1;"Juazeiro do Norte";12;"ARCE";8
201910;1;"Juazeiro do Norte";15;"CAGECE";2737
201910;1;"Juazeiro do Norte";20;"SPS";247
201910;1;"Juazeiro do Norte";30;"BRADESCO";5350
201910;2;"Messejana";1;"PEFOCE";9223
201910;2;"Messejana";2;"DETRAN-HABILITAÇÃO";6049
201910;2;"Messejana";3;"SEFAZ";533
201910;2;"Messejana";8;"SINE - IDT";5099
201910;2;"Messejana";9;"E-VAPT VUPT";4079
201910;2;"Messejana";11;"SRF";872
201910;2;"Messejana";13;"INSS";349
201910;2;"Messejana";14;"DPGE";774
201910;2;"Messejana";15;"CAGECE";7018
201910;2;"Messejana";20;"SPS";1085
201910;2;"Messejana";23;"TRE";15395
201910;2;"Messejana";24;"AMC";941
201910;2;"Messejana";25;"SDHDS";3563
201910;2;"Messejana";27;"SEFIN";503
201910;2;"Messejana";28;"PROCON";1068
201910;2;"Messejana";29;"ETUFOR";5452
201910;2;"Messejana";30;"BRADESCO";7392
201910;2;"Messejana";32;"SDE";581
201910;2;"Messejana";36;"SECRETARIA DA SAUDE";373
201910;8;"Sobral";1;"PEFOCE";5695
201910;8;"Sobral";2;"DETRAN-HABILITAÇÃO";3070
201910;8;"Sobral";3;"SEFAZ";118
201910;8;"Sobral";4;"JUCEC";20
201910;8;"Sobral";8;"SINE - IDT";4508
201910;8;"Sobral";9;"E-VAPT VUPT";3114
201910;8;"Sobral";11;"SRF";553
201910;8;"Sobral";13;"INSS";716
201910;8;"Sobral";15;"CAGECE";39
201910;8;"Sobral";20;"SPS";1470
201910;8;"Sobral";27;"SEFIN";289
201910;8;"Sobral";30;"BRADESCO";4363
201910;8;"Sobral";35;"SEUMA";301
201910;8;"Sobral";39;"SESEP";372
201910;8;"Sobral";40;"CMT";142
201910;8;"Sobral";41;"JUNTA MILITAR";489
201910;8;"Sobral";42;"VIGILANCIA SANITARIA";16
201910;8;"Sobral";43;"STDE";415
201910;8;"Sobral";44;"SAAE";226
201910;8;"Sobral";45;"AMA";17
201910;9;"Antônio Bezerra";1;"PEFOCE";14613
201910;9;"Antônio Bezerra";2;"DETRAN-HABILITAÇÃO";2945
201910;9;"Antônio Bezerra";4;"JUCEC";11
201910;9;"Antônio Bezerra";8;"SINE - IDT";7524
201910;9;"Antônio Bezerra";9;"E-VAPT VUPT";6577
201910;9;"Antônio Bezerra";11;"SRF";255
201910;9;"Antônio Bezerra";13;"INSS";105
201910;9;"Antônio Bezerra";15;"CAGECE";5583
201910;9;"Antônio Bezerra";20;"SPS";2056
201910;9;"Antônio Bezerra";23;"TRE";10034
201910;9;"Antônio Bezerra";24;"AMC";947
201910;9;"Antônio Bezerra";25;"SDHDS";2955
201910;9;"Antônio Bezerra";27;"SEFIN";280
201910;9;"Antônio Bezerra";28;"PROCON";1067
201910;9;"Antônio Bezerra";29;"ETUFOR";3656
201910;9;"Antônio Bezerra";30;"BRADESCO";5064
201910;9;"Antônio Bezerra";32;"SDE";166
201910;9;"Antônio Bezerra";36;"SECRETARIA DA SAUDE";211
201910;9;"Antônio Bezerra";37;"PEFOCE 2";262
201911;1;"Juazeiro do Norte";1;"PEFOCE";3390
201911;1;"Juazeiro do Norte";2;"DETRAN-HABILITAÇÃO";6414
201911;1;"Juazeiro do Norte";3;"SEFAZ";44
201911;1;"Juazeiro do Norte";4;"JUCEC";1
201911;1;"Juazeiro do Norte";8;"SINE - IDT";3411
201911;1;"Juazeiro do Norte";9;"E-VAPT VUPT";2984
201911;1;"Juazeiro do Norte";11;"SRF";830
201911;1;"Juazeiro do Norte";12;"ARCE";13
201911;1;"Juazeiro do Norte";15;"CAGECE";2832
201911;1;"Juazeiro do Norte";20;"SPS";231
201911;1;"Juazeiro do Norte";30;"BRADESCO";5201
201911;1;"Juazeiro do Norte";47;"POLICIA FEDERAL";440
201911;2;"Messejana";1;"PEFOCE";8314
201911;2;"Messejana";2;"DETRAN-HABILITAÇÃO";5579
201911;2;"Messejana";3;"SEFAZ";441
201911;2;"Messejana";8;"SINE - IDT";4537
201911;2;"Messejana";9;"E-VAPT VUPT";4266
201911;2;"Messejana";11;"SRF";745
201911;2;"Messejana";13;"INSS";315
201911;2;"Messejana";14;"DPGE";651
201911;2;"Messejana";15;"CAGECE";6934
201911;2;"Messejana";20;"SPS";876
201911;2;"Messejana";23;"TRE";15750
201911;2;"Messejana";24;"AMC";814
201911;2;"Messejana";25;"SDHDS";3162
201911;2;"Messejana";27;"SEFIN";490
201911;2;"Messejana";28;"PROCON";859
201911;2;"Messejana";29;"ETUFOR";4741
201911;2;"Messejana";30;"BRADESCO";7396
201911;2;"Messejana";32;"SDE";431
201911;2;"Messejana";36;"SECRETARIA DA SAUDE";350
201911;8;"Sobral";1;"PEFOCE";5000
201911;8;"Sobral";2;"DETRAN-HABILITAÇÃO";2987
201911;8;"Sobral";3;"SEFAZ";60
201911;8;"Sobral";4;"JUCEC";21
201911;8;"Sobral";8;"SINE - IDT";3701
201911;8;"Sobral";9;"E-VAPT VUPT";2334
201911;8;"Sobral";11;"SRF";431
201911;8;"Sobral";13;"INSS";770
201911;8;"Sobral";15;"CAGECE";98
201911;8;"Sobral";20;"SPS";914
201911;8;"Sobral";27;"SEFIN";245
201911;8;"Sobral";30;"BRADESCO";4270
201911;8;"Sobral";35;"SEUMA";249
201911;8;"Sobral";39;"SESEP";310
201911;8;"Sobral";40;"CMT";140
201911;8;"Sobral";41;"JUNTA MILITAR";443
201911;8;"Sobral";42;"VIGILANCIA SANITARIA";13
201911;8;"Sobral";43;"STDE";326
201911;8;"Sobral";44;"SAAE";185
201911;8;"Sobral";45;"AMA";11
201911;9;"Antônio Bezerra";1;"PEFOCE";13322
201911;9;"Antônio Bezerra";2;"DETRAN-HABILITAÇÃO";2600
201911;9;"Antônio Bezerra";4;"JUCEC";15
201911;9;"Antônio Bezerra";8;"SINE - IDT";6107
201911;9;"Antônio Bezerra";9;"E-VAPT VUPT";7199
201911;9;"Antônio Bezerra";11;"SRF";91
201911;9;"Antônio Bezerra";13;"INSS";31
201911;9;"Antônio Bezerra";15;"CAGECE";5369
201911;9;"Antônio Bezerra";20;"SPS";2069
201911;9;"Antônio Bezerra";23;"TRE";11456
201911;9;"Antônio Bezerra";24;"AMC";756
201911;9;"Antônio Bezerra";25;"SDHDS";2410
201911;9;"Antônio Bezerra";27;"SEFIN";279
201911;9;"Antônio Bezerra";28;"PROCON";707
201911;9;"Antônio Bezerra";29;"ETUFOR";3029
201911;9;"Antônio Bezerra";30;"BRADESCO";4590
201911;9;"Antônio Bezerra";32;"SDE";148
201911;9;"Antônio Bezerra";36;"SECRETARIA DA SAUDE";200
201911;9;"Antônio Bezerra";37;"PEFOCE 2";219
201912;1;"Juazeiro do Norte";1;"PEFOCE";2594
201912;1;"Juazeiro do Norte";2;"DETRAN-HABILITAÇÃO";5561
201912;1;"Juazeiro do Norte";3;"SEFAZ";5
201912;1;"Juazeiro do Norte";8;"SINE - IDT";2400
201912;1;"Juazeiro do Norte";9;"E-VAPT VUPT";2291
201912;1;"Juazeiro do Norte";11;"SRF";543
201912;1;"Juazeiro do Norte";12;"ARCE";9
201912;1;"Juazeiro do Norte";15;"CAGECE";2063
201912;1;"Juazeiro do Norte";20;"SPS";189
201912;1;"Juazeiro do Norte";30;"BRADESCO";4303
201912;1;"Juazeiro do Norte";47;"POLICIA FEDERAL";338
201912;2;"Messejana";1;"PEFOCE";6829
201912;2;"Messejana";2;"DETRAN-HABILITAÇÃO";4720
201912;2;"Messejana";3;"SEFAZ";432
201912;2;"Messejana";8;"SINE - IDT";3158
201912;2;"Messejana";9;"E-VAPT VUPT";3239
201912;2;"Messejana";11;"SRF";66
201912;2;"Messejana";13;"INSS";38
201912;2;"Messejana";14;"DPGE";176
201912;2;"Messejana";15;"CAGECE";4720
201912;2;"Messejana";20;"SPS";926
201912;2;"Messejana";23;"TRE";6914
201912;2;"Messejana";24;"AMC";670
201912;2;"Messejana";25;"SDHDS";1933
201912;2;"Messejana";27;"SEFIN";384
201912;2;"Messejana";28;"PROCON";626
201912;2;"Messejana";29;"ETUFOR";2434
201912;2;"Messejana";30;"BRADESCO";6269
201912;2;"Messejana";32;"SDE";281
201912;2;"Messejana";36;"SECRETARIA DA SAUDE";203
201912;8;"Sobral";1;"PEFOCE";4449
201912;8;"Sobral";2;"DETRAN-HABILITAÇÃO";2484
201912;8;"Sobral";3;"SEFAZ";102
201912;8;"Sobral";4;"JUCEC";8
201912;8;"Sobral";8;"SINE - IDT";2122
201912;8;"Sobral";9;"E-VAPT VUPT";1600
201912;8;"Sobral";11;"SRF";270
201912;8;"Sobral";13;"INSS";638
201912;8;"Sobral";15;"CAGECE";71
201912;8;"Sobral";20;"SPS";343
201912;8;"Sobral";27;"SEFIN";152
201912;8;"Sobral";30;"BRADESCO";3611
201912;8;"Sobral";35;"SEUMA";192
201912;8;"Sobral";39;"SESEP";165
201912;8;"Sobral";40;"CMT";102
201912;8;"Sobral";41;"JUNTA MILITAR";119
201912;8;"Sobral";42;"VIGILANCIA SANITARIA";14
201912;8;"Sobral";43;"STDE";136
201912;8;"Sobral";44;"SAAE";182
201912;8;"Sobral";45;"AMA";10
201912;9;"Antônio Bezerra";1;"PEFOCE";10072
201912;9;"Antônio Bezerra";2;"DETRAN-HABILITAÇÃO";2060
201912;9;"Antônio Bezerra";4;"JUCEC";7
201912;9;"Antônio Bezerra";8;"SINE - IDT";3693
201912;9;"Antônio Bezerra";9;"E-VAPT VUPT";5702
201912;9;"Antônio Bezerra";15;"CAGECE";3594
201912;9;"Antônio Bezerra";20;"SPS";1682
201912;9;"Antônio Bezerra";23;"TRE";5272
201912;9;"Antônio Bezerra";24;"AMC";534
201912;9;"Antônio Bezerra";25;"SDHDS";1309
201912;9;"Antônio Bezerra";27;"SEFIN";223
201912;9;"Antônio Bezerra";28;"PROCON";485
201912;9;"Antônio Bezerra";29;"ETUFOR";1421
201912;9;"Antônio Bezerra";30;"BRADESCO";3788
201912;9;"Antônio Bezerra";32;"SDE";84
201912;9;"Antônio Bezerra";36;"SECRETARIA DA SAUDE";215
201912;9;"Antônio Bezerra";37;"PEFOCE 2";90
